Date,Description,Debit,Credit,Balance
2025-10-02,PHONEPE*DMART,341.63,,29258.37
2025-10-03,POS 9104 BLINKIT,305.88,,28952.49
2025-10-04,OLA*ORDER917721,129.41,,28823.08
2025-10-05,UPI/423819271/LANDLORD/RENT,9000.00,,19823.08
2025-10-06,UPI/709931/RAJESH KUMAR/paytm,791.74,,19031.34
2025-10-08,ZEPTO*ORDER646476,478.01,,18553.33
2025-10-09,UPI/550316/NETFLIX,649.00,,17904.33
2025-10-09,UPI/264294/SPOTIFY,119.00,,17785.33
2025-10-09,POS 8243 MCDONALD'S,415.88,,17369.45
2025-10-09,OLA*ORDER800875,363.74,,17005.71
2025-10-10,UPI/824287/SWIGGY/ybl,208.26,,16797.45
2025-10-10,IMPS/P2A/651206/Amit Verma,461.30,,16336.15
2025-10-10,GROWW SIP,4000.00,,12336.15
2025-10-11,UPI/348893/BLINKIT/okicici,695.55,,11640.60
2025-10-11,BBPS/ELECTRICITY/BESCOM,1041.15,,10599.45
2025-10-12,UPI/462172/GYM,1499.00,,9100.45
2025-10-12,UPI/914981/DOMINOS/paytm,223.13,,8877.32
2025-10-13,ZEPTO*ORDER250275,592.43,,8284.89
2025-10-14,DOMINOS,190.87,,8094.02
2025-10-14,POS 7884 SWIGGY,434.41,,7659.61
2025-10-14,POS 6978 ZEPTO,415.97,,7243.64
2025-10-14,RAPIDO,184.81,,7058.83
2025-10-15,UPI/803409/YOUTUBE PREMIUM,149.00,,6909.83
2025-10-15,POS 5921 UBER,93.18,,6816.65
2025-10-15,MOBILE RECHARGE,499.00,,6317.65
2025-10-15,IMPS/P2A/476339/Rajesh Kumar,2069.08,,4248.57
2025-10-16,ZOMATO,338.32,,3910.25
2025-10-18,POS 7301 SWIGGY,392.57,,3517.68
2025-10-18,UPI/133536/MCDONALD'S/ybl,210.77,,3306.91
2025-10-20,DOMINOS,365.79,,2941.12
2025-10-21,IMPS/P2A/348262/Neha Gupta,1570.96,,1370.16
2025-10-22,POS 4741 INTERNET,799.00,,571.16
2025-10-25,PHONEPE*ZOMATO,266.93,,304.23
2025-10-25,GPAY*SWIGGYBLR,373.28,,-69.05
2025-10-26,GPAY*MCDONALDS,274.73,,-343.78
2025-10-27,UPI/747515/FLIPKART/okaxis,785.71,,-1129.49
2025-10-30,PHONEPE*BIGBASKET,590.01,,-1719.50
2025-10-31,NEFT-HDFC0001234-SALARY-OCT,,35000.00,33280.50
2025-10-31,POS 4274 SWIGGY,262.10,,33018.40
2025-10-31,UPI-369993-AMIT VERMA,490.40,,32528.00
2025-11-01,ZOMATO,453.93,,32074.07
2025-11-01,POS 7247 BLINKIT,217.34,,31856.73
2025-11-01,BHIM*OLA,226.08,,31630.65
2025-11-01,RAPIDO*ORDER846484,348.77,,31281.88
2025-11-02,UPI-257177-ROHIT S,1630.39,,29651.49
2025-11-03,UPI/423819271/LANDLORD/RENT,9000.00,,20651.49
2025-11-05,SWIGGY*ORDER491586,228.95,,20422.54
2025-11-05,RAPIDO,224.64,,20197.90
2025-11-07,UPI/958394/SPOTIFY,119.00,,20078.90
2025-11-07,GPAY*MCDONALDS,181.99,,19896.91
2025-11-07,BHIM*OLABLR,188.40,,19708.51
2025-11-08,UPI/590503/YOUTUBE PREMIUM,149.00,,19559.51
2025-11-09,UPI/330368/DOMINOS/okicici,261.85,,19297.66
2025-11-09,BLINKIT*ORDER388375,638.33,,18659.33
2025-11-10,UPI/826836/NETFLIX,649.00,,18010.33
2025-11-10,UPI/864799/GYM,1499.00,,16511.33
2025-11-12,PHONEPE*INTERNET,999.00,,15512.33
2025-11-12,UPI-712642-AMIT VERMA,1508.27,,14004.06
2025-11-13,GPAY*OLA,174.41,,13829.65
2025-11-14,PAYTM*BIGBASKET,564.84,,13264.81
2025-11-15,MUTUAL FUND SIP,4000.00,,9264.81
2025-11-16,SWIGGY,505.70,,8759.11
2025-11-16,POS 9322 OLA,370.04,,8389.07
2025-11-17,POS 3194 ZOMATO,132.24,,8256.83
2025-11-18,PHONEPE*FLIPKART,936.10,,7320.73
2025-11-19,RAPIDO,159.74,,7160.99
2025-11-19,BBPS/ELECTRICITY/BESCOM,974.37,,6186.62
2025-11-20,UBER*ORDER508506,91.91,,6094.71
2025-11-21,UPI/203940/MOBILE RECHARGE/paytm,599.00,,5495.71
2025-11-22,POS 9243 DOMINOS,297.94,,5197.77
2025-11-23,BHIM*BLINKIT,885.45,,4312.32
2025-11-25,UPI/385424/ZOMATO/okicici,409.76,,3902.56
2025-11-25,PHONEPE*RAPIDO,163.02,,3739.54
2025-11-27,PAYTM*SWIGGYBLR,571.83,,3167.71
2025-11-27,ZEPTO,912.17,,2255.54
2025-11-28,UPI/520642/UBER/oksbi,178.12,,2077.42
2025-11-29,NEFT-HDFC0001234-SALARY-NOV,,35000.00,37077.42
2025-11-29,BHIM*DMART,955.17,,36122.25
2025-11-30,POS 1598 AMAZON,2474.27,,33647.98
2025-12-01,IMPS/P2A/717486/Rajesh Kumar,2810.97,,30837.01
2025-12-04,UPI/673365/VIKAS JAIN/paytm,3404.46,,27432.55
2025-12-04,IMPS/P2A/803163/Neha Gupta,267.34,,27165.21
2025-12-05,UPI/423819271/LANDLORD/RENT,9000.00,,18165.21
2025-12-05,FLIPKART,961.90,,17203.31
2025-12-05,GROWW SIP,4000.00,,13203.31
2025-12-06,BHIM*RAPIDOBLR,400.15,,12803.16
2025-12-08,UPI/621427/MCDONALDS/oksbi,227.25,,12575.91
2025-12-08,DOMINOS*ORDER490256,237.67,,12338.24
2025-12-08,UPI-BIGBASKET-429752,267.19,,12071.05
2025-12-09,UPI-891279-RAJESH KUMAR,1617.57,,10453.48
2025-12-10,UPI/139127/SPOTIFY,119.00,,10334.48
2025-12-10,UPI/263348/YOUTUBE PREMIUM,149.00,,10185.48
2025-12-10,IMPS/P2A/842858/Neha Gupta,423.79,,9761.69
2025-12-10,UPI/498082/ROHIT S/paytm,1687.15,,8074.54
2025-12-12,BHIM*ZEPTO,323.88,,7750.66
2025-12-12,BHIM*MYNTRA,1963.84,,5786.82
2025-12-12,BBPS/ELECTRICITY/BESCOM,1086.27,,4700.55
2025-12-13,UPI/866017/NETFLIX,649.00,,4051.55
2025-12-13,UPI/853417/SWIGGY/okicici,128.15,,3923.40
2025-12-14,UPI/313070/GYM,1499.00,,2424.40
2025-12-14,PHONEPE*MOBILERECHARGEBLR,399.00,,2025.40
2025-12-15,UPI/754973/OLA/okicici,232.47,,1792.93
2025-12-17,UPI-UBER-216406,151.14,,1641.79
2025-12-17,UPI/225221/RAPIDO/okicici,80.10,,1561.69
2025-12-19,RAPIDO,99.92,,1461.77
2025-12-20,UPI-SWIGGY-354050,334.25,,1127.52
2025-12-20,GPAY*DOMINOSBLR,268.19,,859.33
2025-12-20,PAYTM*DMART,373.36,,485.97
2025-12-21,UPI/686725/INTERNET/paytm,899.00,,-413.03
2025-12-22,UPI/652941/BIGBASKET/paytm,457.26,,-870.29
2025-12-25,UBER,393.84,,-1264.13
2025-12-26,PHONEPE*RAPIDOBLR,228.93,,-1493.06
2025-12-27,GPAY*DMART,588.23,,-2081.29
2025-12-29,UPI-ZOMATO-183988,170.32,,-2251.61
2025-12-29,PHONEPE*BIGBASKETBLR,986.78,,-3238.39
2025-12-29,UPI/749670/RAPIDO/paytm,205.72,,-3444.11
2025-12-29,PHONEPE*OLABLR,292.36,,-3736.47
2025-12-30,NEFT-HDFC0001234-SALARY-DEC,,35000.00,31263.53
2025-12-30,PHONEPE*DOMINOSBLR,88.52,,31175.01
2026-01-01,UPI/918491/SWIGGY/paytm,355.23,,30819.78
2026-01-03,UBER*ORDER538803,248.65,,30571.13
2026-01-03,POS 8708 UBER,174.30,,30396.83
2026-01-04,BHIM*MCDONALDSBLR,458.70,,29938.13
2026-01-04,POS 1490 ZOMATO,609.48,,29328.65
2026-01-05,UPI/423819271/LANDLORD/RENT,9000.00,,20328.65
2026-01-05,UPI/699115/NETFLIX,649.00,,19679.65
2026-01-05,SWIGGY,114.59,,19565.06
2026-01-05,UPI-ZOMATO-371208,509.05,,19056.01
2026-01-06,UPI/685111/SPOTIFY,119.00,,18937.01
2026-01-06,PHONEPE*ZOMATOBLR,214.01,,18723.00
2026-01-06,UPI/235605/VIKAS JAIN/paytm,896.51,,17826.49
2026-01-08,BHIM*SWIGGY,259.16,,17567.33
2026-01-09,BHIM*SWIGGYBLR,207.07,,17360.26
2026-01-11,UPI/181396/YOUTUBE PREMIUM,149.00,,17211.26
2026-01-11,UPI-RAPIDO-576696,121.26,,17090.00
2026-01-12,UPI/907329/GYM,1499.00,,15591.00
2026-01-12,UPI-INTERNET-520053,999.00,,14592.00
2026-01-13,POS 2958 BIGBASKET,559.52,,14032.48
2026-01-13,UPI-503420-AMIT VERMA,3089.78,,10942.70
2026-01-14,PAYTM*MCDONALDS,144.32,,10798.38
2026-01-14,UPI/779796/VIKAS JAIN/paytm,3318.09,,7480.29
2026-01-15,GPAY*SWIGGY,516.65,,6963.64
2026-01-15,DOMINOS*ORDER672766,340.63,,6623.01
2026-01-15,ZEPTO,768.10,,5854.91
2026-01-15,GROWW SIP,4000.00,,1854.91
2026-01-16,UPI/504620/FLIPKART/okaxis,3615.47,,-1760.56
2026-01-17,BHIM*UBERBLR,273.50,,-2034.06
2026-01-19,UPI/132453/DMART/okaxis,315.63,,-2349.69
2026-01-20,PHONEPE*SWIGGY,347.88,,-2697.57
2026-01-22,UPI/946534/DOMINOS/paytm,242.04,,-2939.61
2026-01-22,UPI/216402/BIGBASKET/okicici,1076.99,,-4016.60
2026-01-22,UPI-BIGBASKET-687189,440.44,,-4457.04
2026-01-22,PAYTM*FLIPKART,8750.00,,-13207.04
2026-01-22,BBPS/ELECTRICITY/BESCOM,1014.16,,-14221.20
2026-01-24,POS 6767 FLIPKART,271.81,,-14493.01
2026-01-25,UPI/852673/MOBILE RECHARGE/okicici,299.00,,-14792.01
2026-01-27,UPI-RAPIDO-341887,187.75,,-14979.76
2026-01-30,NEFT-HDFC0001234-SALARY-JAN,,35000.00,20020.24
2026-01-30,BLINKIT*ORDER653227,759.01,,19261.23
2026-01-30,UPI-OLA-602484,386.34,,18874.89
2026-01-31,UPI-855161-ROHIT S,1059.66,,17815.23
2026-02-01,POS 2281 ZOMATO,209.44,,17605.79
2026-02-01,BHIM*RAPIDOBLR,113.82,,17491.97
2026-02-03,BHIM*SWIGGYBLR,131.54,,17360.43
2026-02-04,UPI/423819271/LANDLORD/RENT,9000.00,,8360.43
2026-02-04,UPI-BLINKIT-799608,295.63,,8064.80
2026-02-05,ZERODHA SIP,4000.00,,4064.80
2026-02-06,UPI-897900-AMIT VERMA,1748.99,,2315.81
2026-02-07,UPI/273304/NETFLIX,649.00,,1666.81
2026-02-07,PHONEPE*CROMA,1925.57,,-258.76
2026-02-08,UPI/274948/SPOTIFY,119.00,,-377.76
2026-02-09,UPI-MCDONALDS-445795,176.57,,-554.33
2026-02-09,UPI/774984/BLINKIT/ybl,1022.53,,-1576.86
2026-02-09,IMPS/P2A/998868/Amit Verma,963.73,,-2540.59
2026-02-10,UPI/996048/YOUTUBE PREMIUM,149.00,,-2689.59
2026-02-11,UPI/750918/GYM,1499.00,,-4188.59
2026-02-11,UPI/404610/DOMINOS/okicici,386.19,,-4574.78
2026-02-11,UBER,225.35,,-4800.13
2026-02-12,IMPS/P2A/631287/Neha Gupta,996.28,,-5796.41
2026-02-13,PHONEPE*RAPIDOBLR,248.00,,-6044.41
2026-02-14,POS 4877 ZOMATO,321.06,,-6365.47
2026-02-16,DOMINOS,316.13,,-6681.60
2026-02-16,UPI/972832/BIGBASKET/okicici,542.23,,-7223.83
2026-02-16,UPI-MOBILERECHARGE-704450,499.00,,-7722.83
2026-02-17,UPI/223139/AMIT VERMA/paytm,389.61,,-8112.44
2026-02-18,POS 2724 MCDONALD'S,199.09,,-8311.53
2026-02-18,BBPS/ELECTRICITY/BESCOM,1102.92,,-9414.45
2026-02-19,GPAY*DOMINOSBLR,250.69,,-9665.14
2026-02-19,RAPIDO,152.84,,-9817.98
2026-02-21,IMPS/P2A/407733/Neha Gupta,1890.42,,-11708.40
2026-02-24,UPI-ZOMATO-119744,188.35,,-11896.75
2026-02-24,INTERNET,799.00,,-12695.75
2026-02-24,UPI-413227-AMIT VERMA,922.10,,-13617.85
2026-02-25,UPI-ZEPTO-759171,656.73,,-14274.58
2026-02-26,BIGBASKET*ORDER966889,188.21,,-14462.79
2026-02-28,NEFT-HDFC0001234-SALARY-FEB,,35000.00,20537.21
2026-02-28,UPI/529754/BIGBASKET/oksbi,842.18,,19695.03
2026-02-28,DMART*ORDER980124,543.58,,19151.45
2026-03-02,POS 1461 BLINKIT,200.50,,18950.95
2026-03-02,ZEPTO,326.75,,18624.20
2026-03-03,CROMA,1242.97,,17381.23
2026-03-04,UPI-UBER-126323,117.29,,17263.94
2026-03-05,UPI/423819271/LANDLORD/RENT,9000.00,,8263.94
2026-03-05,UPI/160449/GYM,1499.00,,6764.94
2026-03-05,SWIGGY,820.92,,5944.02
2026-03-05,OLA,277.97,,5666.05
2026-03-05,UPI-760724-VIKAS JAIN,1818.62,,3847.43
2026-03-06,UPI/428840/YOUTUBE PREMIUM,149.00,,3698.43
2026-03-07,UPI/547224/NETFLIX,649.00,,3049.43
2026-03-08,UPI/220930/SPOTIFY,119.00,,2930.43
2026-03-08,UPI/362019/NEHA GUPTA/paytm,620.35,,2310.08
2026-03-08,GROWW SIP,4000.00,,-1689.92
2026-03-13,BBPS/ELECTRICITY/BESCOM,473.87,,-2163.79
2026-03-14,UPI/966099/ZOMATO/okaxis,131.22,,-2295.01
2026-03-14,POS 4896 BLINKIT,416.38,,-2711.39
2026-03-18,SWIGGY,190.03,,-2901.42
2026-03-18,BLINKIT,342.22,,-3243.64
2026-03-18,PHONEPE*OLABLR,127.96,,-3371.60
2026-03-19,GPAY*UBER,103.37,,-3474.97
2026-03-20,POS 3902 DOMINOS,203.77,,-3678.74
2026-03-20,INTERNET,799.00,,-4477.74
2026-03-21,UPI/266661/DOMINOS/okaxis,230.98,,-4708.72
2026-03-23,PAYTM*MOBILERECHARGEBLR,399.00,,-5107.72
2026-03-24,UBER*ORDER534366,286.31,,-5394.03
2026-03-25,BHIM*DOMINOSBLR,405.78,,-5799.81
2026-03-27,POS 2243 OLA,208.10,,-6007.91
2026-03-28,UPI/985592/ZOMATO/ybl,222.08,,-6229.99
2026-03-28,POS 4546 BLINKIT,342.85,,-6572.84
2026-03-28,UPI/512040/AMIT VERMA/paytm,671.52,,-7244.36
2026-03-29,NEFT-HDFC0001234-SALARY-MAR,,35000.00,27755.64
2026-03-29,IMPS/P2A/971434/Vikas Jain,2511.18,,25244.46
2026-03-31,DOMINOS*ORDER447689,270.84,,24973.62
2026-04-01,BHIM*BLINKIT,734.95,,24238.67
2026-04-01,UPI/278377/OLA/okaxis,130.30,,24108.37
2026-04-02,UPI/423819271/LANDLORD/RENT,9000.00,,15108.37
2026-04-03,IMPS/P2A/957698/Priya Sharma,1447.90,,13660.47
2026-04-04,POS 8148 SWIGGY,307.82,,13352.65
2026-04-04,UPI/931748/DOMINOS/okaxis,274.57,,13078.08
2026-04-05,UPI/875690/GYM,1499.00,,11579.08
2026-04-06,NIFTY INDEX SIP,4000.00,,7579.08
2026-04-07,UPI/563858/NETFLIX,649.00,,6930.08
2026-04-07,UPI/760144/UBER/okicici,78.20,,6851.88
2026-04-08,UPI/840947/YOUTUBE PREMIUM,149.00,,6702.88
2026-04-08,GPAY*DMART,351.95,,6350.93
2026-04-08,UPI/248780/AMIT VERMA/paytm,979.89,,5371.04
2026-04-09,UPI/672139/SPOTIFY,119.00,,5252.04
2026-04-10,POS 6343 DOMINOS,517.96,,4734.08
2026-04-11,POS 8606 DOMINOS,291.75,,4442.33
2026-04-12,OLA,192.26,,4250.07
2026-04-12,BBPS/ELECTRICITY/BESCOM,546.04,,3704.03
2026-04-12,UPI-366429-NEHA GUPTA,1545.92,,2158.11
2026-04-15,UPI-UBER-509231,155.80,,2002.31
2026-04-15,GPAY*AMAZON,1200.50,,801.81
2026-04-16,UPI/404233/RAPIDO/ybl,305.10,,496.71
2026-04-17,GPAY*ZEPTO,320.07,,176.64
2026-04-17,UPI/374019/VIKAS JAIN/paytm,236.03,,-59.39
2026-04-18,UPI-MCDONALDS-615422,282.42,,-341.81
2026-04-18,ZEPTO*ORDER697258,605.47,,-947.28
2026-04-18,UPI-OLA-109172,147.45,,-1094.73
2026-04-18,UPI/530246/RAPIDO/okicici,148.37,,-1243.10
2026-04-18,IMPS/P2A/866738/Rajesh Kumar,685.10,,-1928.20
2026-04-19,PAYTM*MOBILERECHARGEBLR,399.00,,-2327.20
2026-04-19,UPI-861216-NEHA GUPTA,835.10,,-3162.30
2026-04-21,PHONEPE*DMARTBLR,825.88,,-3988.18
2026-04-22,POS 4132 RAPIDO,194.38,,-4182.56
2026-04-23,BHIM*OLA,174.27,,-4356.83
2026-04-24,UPI/467164/BLINKIT/paytm,546.03,,-4902.86
2026-04-24,UPI/194153/OLA/okicici,409.29,,-5312.15
2026-04-24,GPAY*OLA,235.86,,-5548.01
2026-04-24,INTERNET*ORDER381418,799.00,,-6347.01
2026-04-26,UPI-RAPIDO-189876,135.55,,-6482.56
2026-04-27,PHONEPE*DMART,420.20,,-6902.76
2026-04-29,NEFT-HDFC0001234-SALARY-APR,,35000.00,28097.24
2026-04-29,POS 9850 ZEPTO,407.09,,27690.15
2026-04-30,UPI/563124/BIGBASKET/paytm,434.36,,27255.79
2026-05-01,PHONEPE*MCDONALDSBLR,260.73,,26995.06
2026-05-01,PAYTM*FLIPKARTBLR,335.99,,26659.07
2026-05-02,UPI/891097/ZOMATO/paytm,212.36,,26446.71
2026-05-02,OLA*ORDER903238,107.75,,26338.96
2026-05-03,UPI/575767/DOMINOS/oksbi,320.05,,26018.91
2026-05-04,UPI/423819271/LANDLORD/RENT,9000.00,,17018.91
2026-05-05,UPI/286131/NETFLIX,649.00,,16369.91
2026-05-05,POS 4773 OLA,214.07,,16155.84
2026-05-06,UPI/850869/SWIGGY/paytm,474.68,,15681.16
2026-05-06,IMPS/P2A/426305/Vikas Jain,1863.83,,13817.33
2026-05-07,UPI/906508/GYM,1499.00,,12318.33
2026-05-08,ZERODHA SIP,4000.00,,8318.33
2026-05-09,UPI/208589/YOUTUBE PREMIUM,149.00,,8169.33
2026-05-09,CROMA*ORDER355168,602.31,,7567.02
2026-05-10,POS 9549 OLA,107.15,,7459.87
2026-05-11,UPI/947384/SPOTIFY,119.00,,7340.87
2026-05-11,BHIM*SWIGGY,243.52,,7097.35
2026-05-11,POS 6735 DMART,406.63,,6690.72
2026-05-11,OLA,224.76,,6465.96
2026-05-12,SWIGGY*ORDER655939,173.11,,6292.85
2026-05-12,UPI-SWIGGY-247955,167.40,,6125.45
2026-05-12,SWIGGY,309.04,,5816.41
2026-05-13,UPI-DOMINOS-425237,253.09,,5563.32
2026-05-13,UPI/490652/BLINKIT/oksbi,500.38,,5062.94
2026-05-13,POS 7475 OLA,267.56,,4795.38
2026-05-15,INTERNET*ORDER376941,899.00,,3896.38
2026-05-18,GPAY*MCDONALDSBLR,182.17,,3714.21
2026-05-20,POS 4962 MOBILE RECHARGE,499.00,,3215.21
2026-05-21,POS 3326 UBER,146.00,,3069.21
2026-05-21,BBPS/ELECTRICITY/BESCOM,944.58,,2124.63
2026-05-22,IMPS/P2A/585315/Rajesh Kumar,2278.03,,-153.40
2026-05-24,BIGBASKET,285.89,,-439.29
2026-05-26,PHONEPE*DMART,520.05,,-959.34
2026-05-26,UBER,274.05,,-1233.39
2026-05-26,IMPS/P2A/498492/Amit Verma,686.49,,-1919.88
2026-05-27,UPI/835217/SWIGGY/ybl,333.80,,-2253.68
2026-05-27,PHONEPE*ZOMATO,348.33,,-2602.01
2026-05-27,UPI/701063/CROMA/paytm,380.10,,-2982.11
2026-05-27,UPI/395310/VIKAS JAIN/paytm,1889.65,,-4871.76
2026-05-28,NEFT-HDFC0001234-SALARY-MAY,,35000.00,30128.24
2026-05-29,UPI/587870/CROMA/oksbi,978.57,,29149.67
2026-05-30,POS 9047 OLA,454.52,,28695.15
2026-05-31,PAYTM*UBERBLR,176.90,,28518.25
2026-06-01,PAYTM*UBERBLR,144.66,,28373.59
2026-06-01,UPI-326722-AMIT VERMA,685.76,,27687.83
2026-06-03,SWIGGY,351.01,,27336.82
2026-06-03,UPI-UBER-764017,188.21,,27148.61
2026-06-05,UPI/423819271/LANDLORD/RENT,9000.00,,18148.61
2026-06-06,UPI/431862/ZEPTO/oksbi,626.94,,17521.67
2026-06-07,POS 2587 MCDONALD'S,149.77,,17371.90
2026-06-07,UPI/612877/ZEPTO/okicici,514.06,,16857.84
2026-06-07,UPI-CROMA-742918,751.58,,16106.26
2026-06-08,PAYTM*MCDONALDS,257.15,,15849.11
2026-06-09,BHIM*ZOMATO,228.80,,15620.31
2026-06-10,BHIM*ZEPTOBLR,286.92,,15333.39
2026-06-10,PAYTM*BLINKIT,568.12,,14765.27
2026-06-10,PAYTM*INTERNET,799.00,,13966.27
2026-06-11,SWIGGY,173.45,,13792.82
2026-06-11,MUTUAL FUND SIP,4000.00,,9792.82
2026-06-12,ZEPTO*ORDER743005,894.69,,8898.13
2026-06-12,BBPS/ELECTRICITY/BESCOM,1153.96,,7744.17
2026-06-12,UPI/729245/MOBILE RECHARGE/okicici,399.00,,7345.17
2026-06-12,UPI-445559-AMIT VERMA,918.22,,6426.95
2026-06-13,UPI/997070/GYM,1499.00,,4927.95
2026-06-13,UPI-ZOMATO-360674,215.79,,4712.16
2026-06-13,PHONEPE*SWIGGY,214.87,,4497.29
2026-06-13,BHIM*FLIPKART,526.71,,3970.58
2026-06-14,UPI/942477/SPOTIFY,119.00,,3851.58
2026-06-14,UPI/951310/ZOMATO/paytm,186.32,,3665.26
2026-06-15,UPI/384439/NETFLIX,649.00,,3016.26
2026-06-15,UPI/118813/YOUTUBE PREMIUM,149.00,,2867.26
2026-06-15,UPI/655440/VIKAS JAIN/paytm,1016.97,,1850.29
2026-06-20,DOMINOS*ORDER515598,296.34,,1553.95
2026-06-20,MCDONALD'S,209.14,,1344.81
2026-06-20,OLA*ORDER251200,449.83,,894.98
2026-06-23,POS 6455 SWIGGY,844.34,,50.64
2026-06-26,UPI-UBER-585047,135.56,,-84.92
2026-06-28,IMPS/P2A/261611/Amit Verma,1201.05,,-1285.97
2026-06-28,UPI/577464/NEHA GUPTA/paytm,347.16,,-1633.13
2026-06-29,PHONEPE*SWIGGY,341.35,,-1974.48
2026-06-29,UPI-957677-PRIYA SHARMA,477.51,,-2451.99
2026-06-30,NEFT-HDFC0001234-SALARY-JUN,,35000.00,32548.01
2026-07-02,UPI/423819271/LANDLORD/RENT,9000.00,,23548.01
2026-07-04,UPI/657611/DMART/paytm,239.19,,23308.82
2026-07-06,POS 4093 DOMINOS,268.32,,23040.50
2026-07-06,GROWW SIP,4000.00,,19040.50
2026-07-07,UPI/275937/ZOMATO/oksbi,678.90,,18361.60
2026-07-07,UPI/286286/SWIGGY/okaxis,174.52,,18187.08
2026-07-07,ZEPTO,458.12,,17728.96
2026-07-07,BHIM*UBER,407.53,,17321.43
2026-07-08,ZOMATO,784.45,,16536.98
2026-07-09,UPI/332714/NETFLIX,649.00,,15887.98
2026-07-09,PHONEPE*MCDONALDS,339.04,,15548.94
2026-07-09,UPI/445323/UBER/ybl,401.15,,15147.79
2026-07-09,UPI/797416/AMAZON/okaxis,563.59,,14584.20
2026-07-11,UPI/241979/GYM,1499.00,,13085.20
2026-07-11,UPI-OLA-973211,152.77,,12932.43
2026-07-11,UPI/435754/CROMA/okaxis,738.49,,12193.94
2026-07-11,BBPS/ELECTRICITY/BESCOM,1100.10,,11093.84
2026-07-12,PHONEPE*DMARTBLR,562.46,,10531.38
2026-07-12,UPI/757450/OLA/oksbi,89.87,,10441.51
2026-07-12,UPI-482481-VIKAS JAIN,957.37,,9484.14
2026-07-13,UPI/193433/SPOTIFY,119.00,,9365.14
2026-07-13,UPI/812686/INTERNET/okicici,799.00,,8566.14
2026-07-14,UPI/413674/YOUTUBE PREMIUM,149.00,,8417.14
2026-07-15,PHONEPE*SWIGGYBLR,442.14,,7975.00
2026-07-16,UPI/104925/AMAZON/oksbi,1257.65,,6717.35
2026-07-17,OLA,163.17,,6554.18
2026-07-17,GPAY*UBERBLR,273.07,,6281.11
2026-07-18,OLA*ORDER495721,159.63,,6121.48
2026-07-18,UPI-CROMA-134687,761.20,,5360.28
2026-07-18,CROMA*ORDER769113,650.66,,4709.62
2026-07-19,UPI/634844/MOBILERECHARGE/okicici,599.00,,4110.62
2026-07-21,DOMINOS*ORDER100960,373.54,,3737.08
2026-07-26,IMPS/P2A/190995/Rajesh Kumar,1958.79,,1778.29
2026-07-27,BLINKIT,484.80,,1293.49
2026-07-27,BHIM*OLA,165.76,,1127.73
2026-07-28,BHIM*DOMINOSBLR,331.18,,796.55
2026-07-29,NEFT-HDFC0001234-SALARY-JUL,,35000.00,35796.55
2026-07-30,UPI/825571/ZEPTO/paytm,617.29,,35179.26
2026-07-31,PAYTM*BLINKIT,344.18,,34835.08
2026-07-31,UPI-DMART-544304,307.31,,34527.77
2026-07-31,RAPIDO,389.16,,34138.61
2026-07-31,IMPS/P2A/607952/Rohit S,627.91,,33510.70
2026-08-03,UPI/737098/BIGBASKET/oksbi,418.80,,33091.90
2026-08-04,UPI/423819271/LANDLORD/RENT,9000.00,,24091.90
2026-08-04,FLIPKART,369.98,,23721.92
2026-08-05,UPI/355957/SPOTIFY,119.00,,23602.92
2026-08-05,UPI/233563/RAJESH KUMAR/paytm,1417.17,,22185.75
2026-08-06,GPAY*DOMINOS,120.68,,22065.07
2026-08-07,UPI/853944/NETFLIX,649.00,,21416.07
2026-08-09,BLINKIT,1060.72,,20355.35
2026-08-09,GPAY*OLA,122.07,,20233.28
2026-08-11,ZERODHA SIP,4000.00,,16233.28
2026-08-12,UPI/373416/YOUTUBE PREMIUM,149.00,,16084.28
2026-08-12,ZEPTO,399.75,,15684.53
2026-08-12,UPI/606700/VIKAS JAIN/paytm,871.75,,14812.78
2026-08-13,UPI/886899/GYM,1499.00,,13313.78
2026-08-13,UPI/976974/SWIGGY/paytm,338.20,,12975.58
2026-08-13,DMART,617.96,,12357.62
2026-08-13,BHIM*MOBILERECHARGE,599.00,,11758.62
2026-08-15,UPI/292893/DOMINOS/paytm,320.56,,11438.06
2026-08-15,PHONEPE*RAPIDOBLR,175.73,,11262.33
2026-08-17,PHONEPE*OLA,231.10,,11031.23
2026-08-19,BBPS/ELECTRICITY/BESCOM,867.71,,10163.52
2026-08-20,POS 1360 SWIGGY,278.17,,9885.35
2026-08-21,DMART,368.19,,9517.16
2026-08-22,GPAY*UBER,102.53,,9414.63
2026-08-23,INTERNET,899.00,,8515.63
2026-08-28,UPI-697842-AMIT VERMA,2588.21,,5927.42
2026-08-30,UPI-SWIGGY-490250,144.02,,5783.40
2026-08-30,UPI/816208/OLA/okaxis,200.51,,5582.89
2026-08-31,NEFT-HDFC0001234-SALARY-AUG,,35000.00,40582.89
2026-08-31,PHONEPE*BIGBASKETBLR,453.05,,40129.84
2026-08-31,ZEPTO,246.72,,39883.12
2026-09-01,UPI/874410/UBER/okicici,303.32,,39579.80
2026-09-02,DOMINOS,800.19,,38779.61
2026-09-02,POS 7706 BIGBASKET,286.41,,38493.20
2026-09-03,GPAY*MCDONALDS,150.27,,38342.93
2026-09-04,UPI/423819271/LANDLORD/RENT,9000.00,,29342.93
2026-09-04,ZEPTO*ORDER664141,773.97,,28568.96
2026-09-05,UPI/362196/DMART/okaxis,976.39,,27592.57
2026-09-06,BHIM*MCDONALDSBLR,248.72,,27343.85
2026-09-06,PHONEPE*OLA,184.29,,27159.56
2026-09-07,UPI/556710/SPOTIFY,119.00,,27040.56
2026-09-07,UPI/349161/RAPIDO/ybl,157.11,,26883.45
2026-09-07,UPI-197791-VIKAS JAIN,1952.90,,24930.55
2026-09-10,UPI/784195/INTERNET/oksbi,899.00,,24031.55
2026-09-10,UPI/900908/RAJESH KUMAR/paytm,1399.82,,22631.73
2026-09-11,UPI/816743/NETFLIX,649.00,,21982.73
2026-09-11,UPI/686701/GYM,1499.00,,20483.73
2026-09-11,PHONEPE*DMARTBLR,284.95,,20198.78
2026-09-12,GPAY*UBER,153.18,,20045.60
2026-09-13,UPI/876713/YOUTUBE PREMIUM,149.00,,19896.60
2026-09-13,UPI/623423/UBER/paytm,234.40,,19662.20
2026-09-13,ZERODHA SIP,4000.00,,15662.20
2026-09-14,PHONEPE*ZOMATOBLR,434.96,,15227.24
2026-09-15,DOMINOS,312.59,,14914.65
2026-09-15,GPAY*ZOMATOBLR,242.68,,14671.97
2026-09-15,BBPS/ELECTRICITY/BESCOM,988.59,,13683.38
2026-09-17,UPI-SWIGGY-388660,334.95,,13348.43
2026-09-17,UPI-MOBILERECHARGE-529480,599.00,,12749.43
2026-09-17,UPI-611350-PRIYA SHARMA,562.81,,12186.62
2026-09-19,UPI/696275/MCDONALD'S/oksbi,627.44,,11559.18
2026-09-21,BHIM*SWIGGYBLR,407.18,,11152.00
2026-09-23,MYNTRA*ORDER548138,471.09,,10680.91
2026-09-24,UPI/674142/DOMINOS/okicici,543.75,,10137.16
2026-09-27,UPI-BLINKIT-199651,462.39,,9674.77
2026-09-27,BHIM*BLINKIT,563.12,,9111.65
2026-09-27,UPI/652164/AMAZON/okicici,328.82,,8782.83
2026-09-28,PHONEPE*UBERBLR,498.03,,8284.80
2026-09-29,NEFT-HDFC0001234-SALARY-SEP,,35000.00,43284.80
2026-09-29,DOMINOS,519.99,,42764.81
2026-09-29,UPI-MCDONALDS-482573,191.34,,42573.47
2026-09-30,UPI-ZOMATO-530151,160.29,,42413.18
2026-09-30,UPI-863052-RAJESH KUMAR,3215.43,,39197.75
2025-10-03,DMART*ORDER772367,1197.53,,145002.47
2025-10-03,PHONEPE*BIGBASKETBLR,1976.01,,143026.46
2025-10-04,UPI/423819271/LANDLORD/RENT,31500.00,,111526.46
2025-10-04,ZEPTO*ORDER121248,1296.21,,110230.25
2025-10-04,PAYTM*OLA,420.03,,109810.22
2025-10-06,UPI-BLINKIT-469043,847.05,,108963.17
2025-10-06,PHONEPE*BLINKIT,2162.48,,106800.69
2025-10-07,UPI/765882/GYM,1499.00,,105301.69
2025-10-07,UPI/672754/DMART/oksbi,1077.33,,104224.36
2025-10-07,POS 1765 RAPIDO,166.22,,104058.14
2025-10-08,UPI-DOMINOS-794663,528.66,,103529.48
2025-10-09,UPI/153462/NETFLIX,649.00,,102880.48
2025-10-10,INTERNET*ORDER815708,999.00,,101881.48
2025-10-11,NIFTY INDEX SIP,10500.00,,91381.48
2025-10-12,UPI/703853/YOUTUBE PREMIUM,149.00,,91232.48
2025-10-13,BBPS/ELECTRICITY/BESCOM,2206.15,,89026.33
2025-10-13,IMPS/P2A/184426/Rohit S,1201.56,,87824.77
2025-10-14,UPI/102833/SPOTIFY,119.00,,87705.77
2025-10-14,BHIM*RAPIDO,371.17,,87334.60
2025-10-15,IMPS/P2A/674400/Priya Sharma,2603.16,,84731.44
2025-10-16,POS 9856 MOBILE RECHARGE,599.00,,84132.44
2025-10-21,UPI/164376/ZEPTO/okicici,1381.88,,82750.56
2025-10-21,UPI-MYNTRA-871925,9124.32,,73626.24
2025-10-22,UPI/311730/ZOMATO/ybl,348.36,,73277.88
2025-10-25,POS 9255 UBER,521.01,,72756.87
2025-10-25,IMPS/P2A/355645/Rajesh Kumar,1132.31,,71624.56
2025-10-26,UPI/921955/SWIGGY/paytm,546.59,,71077.97
2025-10-26,POS 4271 DOMINOS,330.71,,70747.26
2025-10-26,UPI/206059/UBER/ybl,124.78,,70622.48
2025-10-27,POS 2483 BIGBASKET,1171.72,,69450.76
2025-10-27,OLA,128.77,,69321.99
2025-10-27,RAPIDO,213.58,,69108.41
2025-10-28,MCDONALD'S,996.89,,68111.52
2025-10-30,NEFT-HDFC0001234-SALARY-OCT,,100000.00,168111.52
2025-10-30,ZOMATO,627.81,,167483.71
2025-10-30,UPI/796866/CROMA/ybl,9758.29,,157725.42
2025-11-03,OLA,878.54,,156846.88
2025-11-04,UPI/379405/ZEPTO/paytm,1393.65,,155453.23
2025-11-05,UPI/423819271/LANDLORD/RENT,31500.00,,123953.23
2025-11-07,UPI/793173/SPOTIFY,119.00,,123834.23
2025-11-07,UPI/403170/YOUTUBE PREMIUM,149.00,,123685.23
2025-11-07,UPI/645725/GYM,1499.00,,122186.23
2025-11-08,UPI/710211/BLINKIT/okicici,1321.34,,120864.89
2025-11-10,UPI-DOMINOS-526916,1014.45,,119850.44
2025-11-10,UPI/996478/RAJESH KUMAR/paytm,7452.44,,112398.00
2025-11-11,UPI-FLIPKART-500740,12964.40,,99433.60
2025-11-13,UPI/371188/NETFLIX,649.00,,98784.60
2025-11-14,POS 5783 MCDONALD'S,622.01,,98162.59
2025-11-14,PAYTM*OLA,558.09,,97604.50
2025-11-15,NIFTY INDEX SIP,10500.00,,87104.50
2025-11-16,MOBILE RECHARGE,399.00,,86705.50
2025-11-19,UPI-INTERNET-707274,899.00,,85806.50
2025-11-20,UPI/986390/MYNTRA/ybl,2784.60,,83021.90
2025-11-21,CROMA*ORDER681254,6599.82,,76422.08
2025-11-21,BBPS/ELECTRICITY/BESCOM,2282.87,,74139.21
2025-11-22,IMPS/P2A/174380/Priya Sharma,500.02,,73639.19
2025-11-23,UPI/592888/DOMINOS/okaxis,332.70,,73306.49
2025-11-24,PAYTM*MCDONALDS,267.03,,73039.46
2025-11-24,UPI/238178/OLA/ybl,388.79,,72650.67
2025-11-25,PHONEPE*ZOMATOBLR,652.55,,71998.12
2025-11-25,PAYTM*ZEPTO,735.39,,71262.73
2025-11-25,OLA,291.42,,70971.31
2025-11-26,GPAY*DMARTBLR,505.46,,70465.85
2025-11-26,UPI/793865/PRIYA SHARMA/paytm,894.87,,69570.98
2025-11-27,MCDONALD'S,287.63,,69283.35
2025-11-27,UPI/569912/OLA/oksbi,364.70,,68918.65
2025-11-27,PAYTM*AMAZONBLR,3099.09,,65819.56
2025-11-29,NEFT-HDFC0001234-SALARY-NOV,,100000.00,165819.56
2025-11-29,PAYTM*DOMINOSBLR,514.42,,165305.14
2025-11-29,UPI-133425-NEHA GUPTA,3637.44,,161667.70
2025-12-01,DOMINOS*ORDER792317,660.20,,161007.50
2025-12-01,UPI/238854/DOMINOS/okicici,503.72,,160503.78
2025-12-01,GPAY*UBERBLR,441.40,,160062.38
2025-12-01,UPI-217387-ROHIT S,1931.70,,158130.68
2025-12-02,ZEPTO*ORDER172526,1482.68,,156648.00
2025-12-02,GPAY*OLA,375.27,,156272.73
2025-12-03,BHIM*FLIPKART,2120.21,,154152.52
2025-12-04,UPI/423819271/LANDLORD/RENT,31500.00,,122652.52
2025-12-04,RAPIDO,336.59,,122315.93
2025-12-04,UBER*ORDER423146,301.08,,122014.85
2025-12-05,UPI/468892/YOUTUBE PREMIUM,149.00,,121865.85
2025-12-06,PHONEPE*MCDONALDS,573.32,,121292.53
2025-12-06,AMAZON,2923.28,,118369.25
2025-12-06,UPI-732592-NEHA GUPTA,2499.69,,115869.56
2025-12-07,MCDONALDS*ORDER325389,660.19,,115209.37
2025-12-07,UPI-RAPIDO-884113,229.05,,114980.32
2025-12-10,UPI/701760/GYM,1499.00,,113481.32
2025-12-10,PAYTM*INTERNETBLR,999.00,,112482.32
2025-12-10,MUTUAL FUND SIP,10500.00,,101982.32
2025-12-11,UPI/998812/NETFLIX,649.00,,101333.32
2025-12-11,UPI/269840/ZEPTO/okicici,1261.62,,100071.70
2025-12-13,UPI/208004/SPOTIFY,119.00,,99952.70
2025-12-13,PAYTM*ZOMATO,608.43,,99344.27
2025-12-14,UPI/295224/DOMINOS/paytm,668.48,,98675.79
2025-12-14,UPI/623654/DMART/okicici,1147.31,,97528.48
2025-12-16,UPI/864756/MCDONALD'S/okicici,594.18,,96934.30
2025-12-16,CROMA,4695.02,,92239.28
2025-12-16,UPI-MOBILERECHARGE-944397,299.00,,91940.28
2025-12-17,POS 8293 OLA,229.14,,91711.14
2025-12-17,IMPS/P2A/750461/Vikas Jain,821.43,,90889.71
2025-12-18,POS 4001 BIGBASKET,1132.61,,89757.10
2025-12-18,BBPS/ELECTRICITY/BESCOM,2070.16,,87686.94
2025-12-19,DOMINOS,787.04,,86899.90
2025-12-19,UPI/373260/AMAZON/okaxis,3920.53,,82979.37
2025-12-21,PHONEPE*BIGBASKETBLR,1644.64,,81334.73
2025-12-21,UPI/506687/OLA/oksbi,698.24,,80636.49
2025-12-21,UPI/551589/AMIT VERMA/paytm,589.43,,80047.06
2025-12-22,UBER,457.94,,79589.12
2025-12-22,GPAY*OLA,547.47,,79041.65
2025-12-23,PAYTM*BIGBASKETBLR,1708.64,,77333.01
2025-12-23,GPAY*UBERBLR,586.38,,76746.63
2025-12-23,UPI/439298/PRIYA SHARMA/paytm,684.72,,76061.91
2025-12-29,UPI-DOMINOS-521488,795.37,,75266.54
2025-12-29,UPI/766380/UBER/oksbi,702.28,,74564.26
2025-12-30,NEFT-HDFC0001234-SALARY-DEC,,100000.00,174564.26
2025-12-31,UBER*ORDER329729,277.06,,174287.20
2026-01-01,UPI/423819271/LANDLORD/RENT,31500.00,,142787.20
2026-01-01,UPI/988293/FLIPKART/okicici,4307.19,,138480.01
2026-01-02,UPI-190930-PRIYA SHARMA,1658.60,,136821.41
2026-01-04,POS 3436 SWIGGY,628.45,,136192.96
2026-01-04,PHONEPE*RAPIDOBLR,440.88,,135752.08
2026-01-05,BIGBASKET,1359.83,,134392.25
2026-01-05,PAYTM*UBERBLR,397.27,,133994.98
2026-01-06,POS 2257 SWIGGY,726.04,,133268.94
2026-01-07,UPI/952172/NETFLIX,649.00,,132619.94
2026-01-08,MUTUAL FUND SIP,10500.00,,122119.94
2026-01-09,UPI/279822/YOUTUBE PREMIUM,149.00,,121970.94
2026-01-09,SWIGGY,262.42,,121708.52
2026-01-11,UPI/527774/MCDONALD'S/oksbi,394.36,,121314.16
2026-01-11,PHONEPE*OLA,209.33,,121104.83
2026-01-12,GPAY*MOBILERECHARGE,499.00,,120605.83
2026-01-13,BLINKIT,2358.53,,118247.30
2026-01-13,GPAY*FLIPKARTBLR,4875.69,,113371.61
2026-01-14,UPI/691007/SPOTIFY,119.00,,113252.61
2026-01-14,UPI/806773/GYM,1499.00,,111753.61
2026-01-14,UPI-OLA-232068,449.55,,111304.06
2026-01-14,BBPS/ELECTRICITY/BESCOM,2141.90,,109162.16
2026-01-14,UPI-137760-AMIT VERMA,1975.43,,107186.73
2026-01-15,UPI-373118-PRIYA SHARMA,489.62,,106697.11
2026-01-16,UPI/435444/NEHA GUPTA/paytm,1842.91,,104854.20
2026-01-19,UPI/356326/RAPIDO/oksbi,384.71,,104469.49
2026-01-19,PHONEPE*INTERNET,999.00,,103470.49
2026-01-20,DOMINOS,328.89,,103141.60
2026-01-20,UPI/982903/OLA/paytm,291.22,,102850.38
2026-01-22,UPI/341974/ZEPTO/okaxis,1143.02,,101707.36
2026-01-22,UPI-BLINKIT-395830,734.81,,100972.55
2026-01-24,GPAY*ZEPTOBLR,1271.79,,99700.76
2026-01-27,PHONEPE*ZOMATOBLR,878.26,,98822.50
2026-01-28,UPI-FLIPKART-246993,1793.17,,97029.33
2026-01-30,NEFT-HDFC0001234-SALARY-JAN,,100000.00,197029.33
2026-01-31,UPI/179561/DOMINOS/oksbi,491.99,,196537.34
2026-01-31,UBER,354.44,,196182.90
2026-02-02,UPI/874995/OLA/okicici,388.13,,195794.77
2026-02-03,UPI/423819271/LANDLORD/RENT,31500.00,,164294.77
2026-02-03,UPI/332936/SWIGGY/okicici,534.38,,163760.39
2026-02-08,UPI/217676/GYM,1499.00,,162261.39
2026-02-08,PHONEPE*ZOMATO,574.67,,161686.72
2026-02-08,UPI/561018/AMIT VERMA/paytm,1930.52,,159756.20
2026-02-09,GROWW SIP,10500.00,,149256.20
2026-02-10,ZOMATO*ORDER643847,701.05,,148555.15
2026-02-10,RAPIDO,406.69,,148148.46
2026-02-11,UPI/211544/NETFLIX,649.00,,147499.46
2026-02-12,UPI/772399/YOUTUBE PREMIUM,149.00,,147350.46
2026-02-12,UPI/331049/MYNTRA/okicici,8544.13,,138806.33
2026-02-14,UPI-MOBILERECHARGE-252980,599.00,,138207.33
2026-02-15,UPI/314619/SPOTIFY,119.00,,138088.33
2026-02-15,DMART,976.55,,137111.78
2026-02-15,GPAY*FLIPKARTBLR,4837.08,,132274.70
2026-02-18,PAYTM*INTERNETBLR,899.00,,131375.70
2026-02-19,GPAY*UBERBLR,293.69,,131082.01
2026-02-19,UPI/974073/UBER/okicici,404.36,,130677.65
2026-02-19,BBPS/ELECTRICITY/BESCOM,2170.75,,128506.90
2026-02-20,UPI/574079/DOMINOS/paytm,1266.96,,127239.94
2026-02-21,IMPS/P2A/607475/Priya Sharma,764.18,,126475.76
2026-02-22,PAYTM*SWIGGY,518.85,,125956.91
2026-02-22,ZEPTO*ORDER935672,1890.74,,124066.17
2026-02-22,OLA*ORDER146763,377.22,,123688.95
2026-02-23,BIGBASKET,1779.50,,121909.45
2026-02-23,UPI/638069/PRIYA SHARMA/paytm,946.94,,120962.51
2026-02-24,UPI-DOMINOS-504451,539.97,,120422.54
2026-02-24,PAYTM*BIGBASKET,1324.13,,119098.41
2026-02-26,UPI/235932/MCDONALDS/okaxis,258.45,,118839.96
2026-02-27,UPI/337104/ROHIT S/paytm,6958.14,,111881.82
2026-02-28,NEFT-HDFC0001234-SALARY-FEB,,100000.00,211881.82
2026-02-28,DMART,1391.90,,210489.92
2026-03-01,UPI/339091/DMART/ybl,1599.87,,208890.05
2026-03-04,UPI/416465/BIGBASKET/oksbi,1496.41,,207393.64
2026-03-05,UPI/423819271/LANDLORD/RENT,31500.00,,175893.64
2026-03-05,UPI/210083/ROHIT S/paytm,330.43,,175563.21
2026-03-05,IMPS/P2A/848931/Amit Verma,2460.91,,173102.30
2026-03-06,UPI/628870/GYM,1499.00,,171603.30
2026-03-06,POS 7224 UBER,207.23,,171396.07
2026-03-07,UPI/905254/NETFLIX,649.00,,170747.07
2026-03-07,UPI/267376/SPOTIFY,119.00,,170628.07
2026-03-07,UPI/390938/YOUTUBE PREMIUM,149.00,,170479.07
2026-03-07,PHONEPE*RAPIDOBLR,988.88,,169490.19
2026-03-07,UPI/628075/UBER/ybl,257.30,,169232.89
2026-03-07,UPI/885106/RAPIDO/paytm,126.64,,169106.25
2026-03-09,GROWW SIP,10500.00,,158606.25
2026-03-10,PHONEPE*ZOMATO,678.63,,157927.62
2026-03-11,MCDONALDS*ORDER714524,398.00,,157529.62
2026-03-11,UPI/723500/BIGBASKET/okicici,907.24,,156622.38
2026-03-11,CROMA*ORDER257083,7126.58,,149495.80
2026-03-15,BIGBASKET*ORDER521985,865.52,,148630.28
2026-03-16,UPI/741591/DOMINOS/oksbi,461.56,,148168.72
2026-03-16,UPI/174940/UBER/ybl,355.08,,147813.64
2026-03-16,INTERNET,899.00,,146914.64
2026-03-18,POS 1728 ZEPTO,1263.09,,145651.55
2026-03-19,DOMINOS,765.61,,144885.94
2026-03-19,POS 7735 ZOMATO,252.45,,144633.49
2026-03-19,PAYTM*DMARTBLR,809.08,,143824.41
2026-03-19,UBER*ORDER165538,279.70,,143544.71
2026-03-20,UPI/452954/RAPIDO/paytm,259.77,,143284.94
2026-03-21,UPI/726854/ZEPTO/ybl,597.79,,142687.15
2026-03-23,BBPS/ELECTRICITY/BESCOM,1803.68,,140883.47
2026-03-23,UPI/376321/PRIYA SHARMA/paytm,1519.34,,139364.13
2026-03-24,UPI/331471/MCDONALD'S/oksbi,1048.21,,138315.92
2026-03-25,UPI-UBER-363500,413.21,,137902.71
2026-03-25,POS 4576 MOBILE RECHARGE,599.00,,137303.71
2026-03-26,GPAY*BIGBASKETBLR,1303.53,,136000.18
2026-03-28,BHIM*ZOMATOBLR,552.53,,135447.65
2026-03-28,UBER,624.84,,134822.81
2026-03-29,NEFT-HDFC0001234-SALARY-MAR,,100000.00,234822.81
2026-03-29,MCDONALD'S,2069.38,,232753.43
2026-03-31,POS 1834 ZEPTO,1858.63,,230894.80
2026-04-01,BIGBASKET*ORDER786025,1031.89,,229862.91
2026-04-02,POS 7910 MCDONALD'S,391.04,,229471.87
2026-04-05,UPI/423819271/LANDLORD/RENT,31500.00,,197971.87
2026-04-05,UPI/392362/YOUTUBE PREMIUM,149.00,,197822.87
2026-04-05,GPAY*BLINKIT,516.96,,197305.91
2026-04-06,UPI/727746/GYM,1499.00,,195806.91
2026-04-06,PAYTM*AMAZONBLR,3959.58,,191847.33
2026-04-06,UPI-929537-ROHIT S,421.72,,191425.61
2026-04-07,PHONEPE*RAPIDO,395.63,,191029.98
2026-04-08,UPI-RAPIDO-211533,270.87,,190759.11
2026-04-09,UPI/600035/NETFLIX,649.00,,190110.11
2026-04-09,GPAY*ZOMATOBLR,1394.42,,188715.69
2026-04-10,BHIM*ZEPTOBLR,1982.00,,186733.69
2026-04-10,BBPS/ELECTRICITY/BESCOM,1655.45,,185078.24
2026-04-10,POS 7815 INTERNET,799.00,,184279.24
2026-04-10,GROWW SIP,10500.00,,173779.24
2026-04-11,UPI/688083/SPOTIFY,119.00,,173660.24
2026-04-11,POS 7803 UBER,540.62,,173119.62
2026-04-11,RAPIDO*ORDER635669,339.70,,172779.92
2026-04-11,IMPS/P2A/721983/Rajesh Kumar,564.64,,172215.28
2026-04-13,PAYTM*MCDONALDS,846.57,,171368.71
2026-04-13,DMART*ORDER569298,3070.25,,168298.46
2026-04-13,IMPS/P2A/271488/Vikas Jain,1165.41,,167133.05
2026-04-15,UPI-442037-PRIYA SHARMA,407.95,,166725.10
2026-04-16,BHIM*CROMABLR,2402.87,,164322.23
2026-04-17,UPI/917761/UBER/okaxis,749.52,,163572.71
2026-04-17,AMAZON*ORDER196558,15000.00,,148572.71
2026-04-18,POS 4508 OLA,489.15,,148083.56
2026-04-19,GPAY*MOBILERECHARGEBLR,299.00,,147784.56
2026-04-21,ZEPTO,875.61,,146908.95
2026-04-22,DOMINOS,481.71,,146427.24
2026-04-26,MCDONALD'S,416.47,,146010.77
2026-04-27,UPI/716692/BLINKIT/ybl,1531.82,,144478.95
2026-04-30,NEFT-HDFC0001234-SALARY-APR,,100000.00,244478.95
2026-05-01,UBER*ORDER556470,351.25,,244127.70
2026-05-02,POS 8024 DMART,1559.64,,242568.06
2026-05-03,UPI/423819271/LANDLORD/RENT,31500.00,,211068.06
2026-05-06,GROWW SIP,10500.00,,200568.06
2026-05-07,UPI/844695/SWIGGY/okaxis,305.12,,200262.94
2026-05-08,UPI/782485/MYNTRA/ybl,3940.82,,196322.12
2026-05-09,UPI/865450/NETFLIX,649.00,,195673.12
2026-05-10,BBPS/ELECTRICITY/BESCOM,2573.23,,193099.89
2026-05-11,UPI/781174/SPOTIFY,119.00,,192980.89
2026-05-11,UPI/410750/YOUTUBE PREMIUM,149.00,,192831.89
2026-05-12,UPI/659285/GYM,1499.00,,191332.89
2026-05-12,UPI-DOMINOS-397341,1172.35,,190160.54
2026-05-12,BHIM*SWIGGY,1506.30,,188654.24
2026-05-12,RAPIDO*ORDER920983,372.49,,188281.75
2026-05-14,PHONEPE*CROMA,7018.96,,181262.79
2026-05-18,RAPIDO*ORDER246885,261.02,,181001.77
2026-05-19,SWIGGY,278.09,,180723.68
2026-05-19,POS 1322 MCDONALD'S,439.17,,180284.51
2026-05-20,BHIM*SWIGGYBLR,426.42,,179858.09
2026-05-20,PHONEPE*DOMINOS,843.89,,179014.20
2026-05-20,UPI-OLA-721445,406.75,,178607.45
2026-05-20,MOBILE RECHARGE,599.00,,178008.45
2026-05-21,IMPS/P2A/323318/Neha Gupta,982.84,,177025.61
2026-05-22,UPI/846234/BIGBASKET/ybl,1708.46,,175317.15
2026-05-22,PAYTM*BLINKIT,742.85,,174574.30
2026-05-23,PHONEPE*INTERNET,799.00,,173775.30
2026-05-23,UPI/528859/AMIT VERMA/paytm,1381.06,,172394.24
2026-05-26,PHONEPE*FLIPKART,4953.60,,167440.64
2026-05-27,UPI/821264/MCDONALD'S/okaxis,523.29,,166917.35
2026-05-28,NEFT-HDFC0001234-SALARY-MAY,,100000.00,266917.35
2026-05-28,MCDONALDS*ORDER181367,458.63,,266458.72
2026-05-28,UPI/884906/BIGBASKET/ybl,986.26,,265472.46
2026-05-29,UPI-SWIGGY-268446,375.00,,265097.46
2026-05-29,UPI/846177/RAPIDO/oksbi,480.97,,264616.49
2026-05-30,UPI/683895/SWIGGY/okicici,602.37,,264014.12
2026-05-30,PAYTM*UBER,248.73,,263765.39
2026-05-31,PHONEPE*DOMINOS,294.22,,263471.17
2026-06-02,UPI/423819271/LANDLORD/RENT,31500.00,,231971.17
2026-06-02,ZEPTO*ORDER994052,3118.03,,228853.14
2026-06-05,UPI/692769/NETFLIX,649.00,,228204.14
2026-06-05,SWIGGY,978.51,,227225.63
2026-06-06,UPI-DOMINOS-500730,565.56,,226660.07
2026-06-06,PHONEPE*OLABLR,976.85,,225683.22
2026-06-07,MCDONALD'S,730.86,,224952.36
2026-06-09,BHIM*ZEPTO,2230.01,,222722.35
2026-06-10,UPI-FLIPKART-356677,2882.93,,219839.42
2026-06-10,UPI-FLIPKART-209394,4245.35,,215594.07
2026-06-11,UPI/676298/SPOTIFY,119.00,,215475.07
2026-06-11,UPI/415902/DMART/okaxis,2136.71,,213338.36
2026-06-12,POS 4549 RAPIDO,255.37,,213082.99
2026-06-12,UPI-RAPIDO-321382,405.47,,212677.52
2026-06-12,UPI/765190/CROMA/ybl,7303.88,,205373.64
2026-06-12,POS 3457 INTERNET,999.00,,204374.64
2026-06-12,UPI-128934-AMIT VERMA,1848.01,,202526.63
2026-06-13,UPI/528069/YOUTUBE PREMIUM,149.00,,202377.63
2026-06-13,NIFTY INDEX SIP,10500.00,,191877.63
2026-06-14,UPI/433134/GYM,1499.00,,190378.63
2026-06-15,BBPS/ELECTRICITY/BESCOM,2679.61,,187699.02
2026-06-16,UPI-719876-VIKAS JAIN,1133.36,,186565.66
2026-06-17,PHONEPE*OLABLR,590.03,,185975.63
2026-06-19,BHIM*SWIGGYBLR,529.78,,185445.85
2026-06-19,PAYTM*OLA,685.74,,184760.11
2026-06-21,UPI-314906-PRIYA SHARMA,1167.35,,183592.76
2026-06-22,MOBILE RECHARGE,299.00,,183293.76
2026-06-23,DOMINOS,468.77,,182824.99
2026-06-25,MCDONALDS*ORDER795604,228.39,,182596.60
2026-06-25,BHIM*RAPIDOBLR,430.89,,182165.71
2026-06-25,UPI/930154/UBER/paytm,697.51,,181468.20
2026-06-27,BHIM*DOMINOSBLR,539.47,,180928.73
2026-06-27,POS 3173 RAPIDO,357.81,,180570.92
2026-06-28,SWIGGY*ORDER852578,530.12,,180040.80
2026-06-28,DOMINOS*ORDER466169,281.31,,179759.49
2026-06-28,UPI-DMART-742708,1361.44,,178398.05
2026-06-29,GPAY*DOMINOSBLR,701.20,,177696.85
2026-06-29,UPI/560028/PRIYA SHARMA/paytm,1157.34,,176539.51
2026-06-30,NEFT-HDFC0001234-SALARY-JUN,,100000.00,276539.51
2026-06-30,UPI/888163/RAJESH KUMAR/paytm,2630.43,,273909.08
2026-07-01,GPAY*SWIGGYBLR,402.32,,273506.76
2026-07-02,POS 8937 BLINKIT,752.92,,272753.84
2026-07-04,UPI/423819271/LANDLORD/RENT,31500.00,,241253.84
2026-07-04,POS 8174 OLA,166.26,,241087.58
2026-07-05,UPI/521564/NETFLIX,649.00,,240438.58
2026-07-05,PAYTM*BIGBASKETBLR,1903.61,,238534.97
2026-07-05,PHONEPE*MYNTRA,7296.96,,231238.01
2026-07-06,PHONEPE*DOMINOSBLR,528.26,,230709.75
2026-07-07,BHIM*SWIGGYBLR,621.94,,230087.81
2026-07-08,UPI/306952/YOUTUBE PREMIUM,149.00,,229938.81
2026-07-08,UPI/253352/GYM,1499.00,,228439.81
2026-07-08,MCDONALDS*ORDER485561,425.93,,228013.88
2026-07-08,POS 8598 DOMINOS,733.78,,227280.10
2026-07-10,UPI/903235/SPOTIFY,119.00,,227161.10
2026-07-10,UPI-BIGBASKET-950323,1754.45,,225406.65
2026-07-11,UPI-BIGBASKET-562642,1187.02,,224219.63
2026-07-11,PAYTM*BLINKITBLR,627.61,,223592.02
2026-07-12,PHONEPE*MYNTRA,6123.21,,217468.81
2026-07-13,MCDONALD'S,380.53,,217088.28
2026-07-13,RAPIDO,309.76,,216778.52
2026-07-13,GPAY*INTERNET,999.00,,215779.52
2026-07-14,UPI/442211/AMIT VERMA/paytm,895.98,,214883.54
2026-07-14,UPI-694780-PRIYA SHARMA,1861.65,,213021.89
2026-07-15,POS 6216 UBER,205.83,,212816.06
2026-07-15,ZERODHA SIP,10500.00,,202316.06
2026-07-17,GPAY*BIGBASKETBLR,1470.05,,200846.01
2026-07-18,ZOMATO*ORDER819465,726.08,,200119.93
2026-07-18,UPI/585100/OLA/oksbi,342.63,,199777.30
2026-07-20,UPI-OLA-711536,308.49,,199468.81
2026-07-21,PHONEPE*BLINKITBLR,1474.22,,197994.59
2026-07-21,POS 9825 UBER,547.48,,197447.11
2026-07-21,UPI-MOBILERECHARGE-157787,299.00,,197148.11
2026-07-22,BBPS/ELECTRICITY/BESCOM,2012.55,,195135.56
2026-07-23,BHIM*RAPIDO,551.72,,194583.84
2026-07-24,UPI-UBER-197655,215.73,,194368.11
2026-07-24,POS 3433 CROMA,3639.80,,190728.31
2026-07-24,IMPS/P2A/388752/Priya Sharma,720.04,,190008.27
2026-07-25,UPI/370640/DOMINOS/okicici,362.67,,189645.60
2026-07-25,UPI-ZEPTO-728585,2198.25,,187447.35
2026-07-25,PAYTM*ZEPTO,1230.91,,186216.44
2026-07-27,PHONEPE*DOMINOSBLR,615.71,,185600.73
2026-07-28,MCDONALD'S,434.51,,185166.22
2026-07-29,BHIM*UBER,343.05,,184823.17
2026-07-30,NEFT-HDFC0001234-SALARY-JUL,,100000.00,284823.17
2026-07-31,UPI-OLA-155173,691.85,,284131.32
2026-08-03,UPI/423819271/LANDLORD/RENT,31500.00,,252631.32
2026-08-04,UPI-350395-NEHA GUPTA,3342.34,,249288.98
2026-08-05,PAYTM*UBERBLR,309.27,,248979.71
2026-08-05,RAPIDO*ORDER323152,354.47,,248625.24
2026-08-05,UPI-593998-VIKAS JAIN,524.61,,248100.63
2026-08-07,UPI/385949/NETFLIX,649.00,,247451.63
2026-08-07,POS 8083 BIGBASKET,2315.74,,245135.89
2026-08-08,UBER*ORDER388409,250.81,,244885.08
2026-08-08,UPI-159717-ROHIT S,2171.07,,242714.01
2026-08-09,UPI/473366/YOUTUBE PREMIUM,149.00,,242565.01
2026-08-09,GPAY*OLA,424.30,,242140.71
2026-08-10,UPI/193825/SPOTIFY,119.00,,242021.71
2026-08-10,DOMINOS*ORDER397870,852.99,,241168.72
2026-08-10,UPI/320164/RAPIDO/paytm,228.11,,240940.61
2026-08-11,BHIM*ZOMATO,1111.24,,239829.37
2026-08-12,POS 8875 MOBILE RECHARGE,599.00,,239230.37
2026-08-14,UPI/211471/GYM,1499.00,,237731.37
2026-08-14,UPI/700195/SWIGGY/ybl,603.80,,237127.57
2026-08-14,MUTUAL FUND SIP,10500.00,,226627.57
2026-08-16,UPI/736371/SWIGGY/paytm,366.97,,226260.60
2026-08-17,DOMINOS,458.72,,225801.88
2026-08-18,UPI/493729/DOMINOS/ybl,556.09,,225245.79
2026-08-18,BBPS/ELECTRICITY/BESCOM,2550.91,,222694.88
2026-08-18,UPI-594058-VIKAS JAIN,498.85,,222196.03
2026-08-19,MCDONALD'S,811.29,,221384.74
2026-08-19,ZEPTO*ORDER727553,4270.87,,217113.87
2026-08-20,UPI/837574/INTERNET/oksbi,799.00,,216314.87
2026-08-21,UPI-ZOMATO-302017,397.16,,215917.71
2026-08-21,PHONEPE*BLINKIT,879.93,,215037.78
2026-08-22,UPI-ZEPTO-106734,2358.81,,212678.97
2026-08-23,MCDONALD'S,907.43,,211771.54
2026-08-25,UPI/190685/UBER/okaxis,274.49,,211497.05
2026-08-26,UPI-811777-AMIT VERMA,2151.97,,209345.08
2026-08-28,UPI/489932/DOMINOS/okicici,661.54,,208683.54
2026-08-28,PHONEPE*SWIGGY,495.38,,208188.16
2026-08-28,UPI/680911/SWIGGY/okaxis,1387.61,,206800.55
2026-08-28,GPAY*DOMINOS,441.40,,206359.15
2026-08-30,NEFT-HDFC0001234-SALARY-AUG,,100000.00,306359.15
2026-08-30,UPI/238219/UBER/oksbi,369.47,,305989.68
2026-08-31,BHIM*UBER,203.97,,305785.71
2026-08-31,GPAY*MYNTRA,3009.07,,302776.64
2026-09-01,PHONEPE*BIGBASKETBLR,740.42,,302036.22
2026-09-02,UPI/423819271/LANDLORD/RENT,31500.00,,270536.22
2026-09-02,RAPIDO*ORDER451248,262.42,,270273.80
2026-09-03,UPI/686118/ZEPTO/paytm,924.43,,269349.37
2026-09-03,UPI/606308/VIKAS JAIN/paytm,1203.23,,268146.14
2026-09-03,UPI-130483-NEHA GUPTA,2735.40,,265410.74
2026-09-04,PHONEPE*DOMINOSBLR,1031.36,,264379.38
2026-09-04,UBER*ORDER802826,315.44,,264063.94
2026-09-05,BHIM*AMAZONBLR,3098.08,,260965.86
2026-09-05,BHIM*MYNTRABLR,5993.00,,254972.86
2026-09-06,PHONEPE*BIGBASKET,2368.85,,252604.01
2026-09-06,PAYTM*UBER,514.92,,252089.09
2026-09-06,AMAZON*ORDER587564,2324.46,,249764.63
2026-09-07,UPI/383151/BIGBASKET/oksbi,917.87,,248846.76
2026-09-08,ZOMATO*ORDER768098,503.54,,248343.22
2026-09-09,POS 6309 SWIGGY,1106.60,,247236.62
2026-09-09,UPI/163444/ROHIT S/paytm,1373.50,,245863.12
2026-09-10,UPI/508252/OLA/okaxis,286.55,,245576.57
2026-09-11,UPI/846298/YOUTUBE PREMIUM,149.00,,245427.57
2026-09-11,BBPS/ELECTRICITY/BESCOM,2152.47,,243275.10
2026-09-11,UPI/310595/INTERNET/okaxis,999.00,,242276.10
2026-09-12,UPI/634685/GYM,1499.00,,240777.10
2026-09-12,SWIGGY*ORDER234885,284.10,,240493.00
2026-09-12,POS 4501 DMART,994.41,,239498.59
2026-09-12,POS 6691 FLIPKART,4071.23,,235427.36
2026-09-12,ZERODHA SIP,10500.00,,224927.36
2026-09-13,UPI/188271/SPOTIFY,119.00,,224808.36
2026-09-14,UPI/981317/NETFLIX,649.00,,224159.36
2026-09-14,UPI-UBER-967611,318.17,,223841.19
2026-09-18,UPI/227160/SWIGGY/ybl,741.27,,223099.92
2026-09-18,UPI/114493/NEHA GUPTA/paytm,4628.27,,218471.65
2026-09-19,PAYTM*UBERBLR,595.91,,217875.74
2026-09-20,RAPIDO,604.35,,217271.39
2026-09-22,GPAY*MCDONALDS,987.81,,216283.58
2026-09-22,UPI-DOMINOS-371465,575.19,,215708.39
2026-09-22,OLA,184.27,,215524.12
2026-09-22,POS 5553 MOBILE RECHARGE,599.00,,214925.12
2026-09-23,RAPIDO,353.55,,214571.57
2026-09-24,PAYTM*DMART,1211.81,,213359.76
2026-09-25,UPI/248116/BIGBASKET/ybl,2408.41,,210951.35
2026-09-26,POS 4401 MCDONALD'S,329.71,,210621.64
2026-09-27,UPI/728370/ZOMATO/ybl,646.48,,209975.16
2026-09-28,NEFT-HDFC0001234-SALARY-SEP,,100000.00,309975.16
2026-09-28,UPI/968122/RAPIDO/okaxis,147.35,,309827.81
2025-10-03,UPI-DOMINOS-308534,172.19,,33127.81
2025-10-03,PAYTM*DMART,992.67,,32135.14
2025-10-03,UPI-BIGBASKET-938614,573.10,,31562.04
2025-10-03,OLA,111.35,,31450.69
2025-10-03,UBER*ORDER585271,174.31,,31276.38
2025-10-05,UPI/423819271/LANDLORD/RENT,8500.00,,22776.38
2025-10-06,UPI/967929/YOUTUBE PREMIUM,149.00,,22627.38
2025-10-06,POS 1361 DOMINOS,303.07,,22324.31
2025-10-09,UPI-BIGBASKET-124170,398.34,,21925.97
2025-10-09,POS 7093 RAPIDO,164.17,,21761.80
2025-10-09,IMPS/P2A/597711/Amit Verma,1803.89,,19957.91
2025-10-10,UPI/380892/NETFLIX,649.00,,19308.91
2025-10-10,POS 2008 AMAZON,1091.39,,18217.52
2025-10-10,GROWW SIP,3500.00,,14717.52
2025-10-11,UPI/808021/INTERNET/paytm,999.00,,13718.52
2025-10-11,UPI-529374-RAJESH KUMAR,476.15,,13242.37
2025-10-13,UPI/984006/SPOTIFY,119.00,,13123.37
2025-10-14,UPI/600596/MOBILERECHARGE/ybl,499.00,,12624.37
2025-10-15,UPI/228314/GYM,1499.00,,11125.37
2025-10-15,UPI/891480/AMIT VERMA/paytm,381.93,,10743.44
2025-10-17,SWIGGY,139.45,,10603.99
2025-10-17,UPI-AMAZON-247827,628.62,,9975.37
2025-10-18,UPI/377873/NEHA GUPTA/paytm,1879.27,,8096.10
2025-10-20,UBER*ORDER973498,238.14,,7857.96
2025-10-21,PAYTM*OLA,576.86,,7281.10
2025-10-21,BBPS/ELECTRICITY/BESCOM,1180.48,,6100.62
2025-10-22,PHONEPE*ZEPTOBLR,594.33,,5506.29
2025-10-22,UPI/171385/RAJESH KUMAR/paytm,749.93,,4756.36
2025-10-24,MCDONALDS*ORDER843426,129.77,,4626.59
2025-10-25,UPI/133579/NEHA GUPTA/paytm,453.21,,4173.38
2025-10-26,UPI/572500/RAPIDO/okicici,174.11,,3999.27
2025-10-27,POS 6624 SWIGGY,372.99,,3626.28
2025-10-30,GPAY*FLIPKART,2324.31,,1301.97
2025-10-31,NEFT-HDFC0001234-SALARY-OCT,,42000.00,43301.97
2025-11-01,PAYTM*ZEPTOBLR,631.47,,42670.50
2025-11-01,UPI/430018/BIGBASKET/ybl,401.43,,42269.07
2025-11-02,ZOMATO,268.29,,42000.78
2025-11-04,UPI/423819271/LANDLORD/RENT,8500.00,,33500.78
2025-11-04,UPI-167303-VIKAS JAIN,979.00,,32521.78
2025-11-06,POS 3800 BLINKIT,811.98,,31709.80
2025-11-08,UPI/956387/NETFLIX,649.00,,31060.80
2025-11-08,UPI/226161/SPOTIFY,119.00,,30941.80
2025-11-08,UPI/635285/GYM,1499.00,,29442.80
2025-11-10,UBER*ORDER420685,57.04,,29385.76
2025-11-10,MUTUAL FUND SIP,3500.00,,25885.76
2025-11-11,PAYTM*UBERBLR,232.16,,25653.60
2025-11-12,UPI-UBER-204489,124.41,,25529.19
2025-11-12,UPI/950075/MOBILERECHARGE/okaxis,499.00,,25030.19
2025-11-14,UPI-SWIGGY-748412,286.50,,24743.69
2025-11-14,ZEPTO*ORDER929988,665.30,,24078.39
2025-11-14,POS 7963 OLA,102.00,,23976.39
2025-11-14,MYNTRA,2984.49,,20991.90
2025-11-15,UPI/963712/YOUTUBE PREMIUM,149.00,,20842.90
2025-11-15,DOMINOS,364.56,,20478.34
2025-11-15,UPI-BLINKIT-204539,338.29,,20140.05
2025-11-15,BHIM*RAPIDO,208.34,,19931.71
2025-11-16,UPI-DMART-492796,806.69,,19125.02
2025-11-16,DMART,296.47,,18828.55
2025-11-16,UPI-FLIPKART-109116,1216.42,,17612.13
2025-11-17,UPI/194731/ZOMATO/oksbi,381.80,,17230.33
2025-11-17,UPI/912400/OLA/paytm,90.18,,17140.15
2025-11-18,POS 4968 FLIPKART,1407.29,,15732.86
2025-11-18,BBPS/ELECTRICITY/BESCOM,1224.36,,14508.50
2025-11-18,GPAY*INTERNET,899.00,,13609.50
2025-11-19,UPI/465851/BIGBASKET/okicici,737.27,,12872.23
2025-11-20,PAYTM*MCDONALDS,225.92,,12646.31
2025-11-21,POS 5350 DOMINOS,192.41,,12453.90
2025-11-21,IMPS/P2A/224458/Vikas Jain,2103.01,,10350.89
2025-11-23,PAYTM*OLABLR,176.11,,10174.78
2025-11-23,UPI/125509/AMIT VERMA/paytm,2509.92,,7664.86
2025-11-26,UPI/222060/ZEPTO/okaxis,575.96,,7088.90
2025-11-27,PAYTM*AMAZONBLR,1109.45,,5979.45
2025-11-30,NEFT-HDFC0001234-SALARY-NOV,,42000.00,47979.45
2025-12-01,UPI/423819271/LANDLORD/RENT,8500.00,,39479.45
2025-12-01,UPI/746357/OLA/okaxis,139.97,,39339.48
2025-12-01,UPI/980984/RAJESH KUMAR/paytm,1896.57,,37442.91
2025-12-02,DOMINOS*ORDER874690,496.35,,36946.56
2025-12-03,POS 7544 DOMINOS,239.15,,36707.41
2025-12-05,UPI/890190/GYM,1499.00,,35208.41
2025-12-05,UPI-SWIGGY-498991,146.80,,35061.61
2025-12-05,GPAY*OLA,125.48,,34936.13
2025-12-06,UPI-DOMINOS-503259,68.80,,34867.33
2025-12-09,UPI/571080/SPOTIFY,119.00,,34748.33
2025-12-09,ZEPTO,515.24,,34233.09
2025-12-09,UPI/173070/OLA/okicici,236.67,,33996.42
2025-12-10,UPI/850979/NETFLIX,649.00,,33347.42
2025-12-10,UPI/916476/YOUTUBE PREMIUM,149.00,,33198.42
2025-12-10,UPI/658027/ZOMATO/oksbi,142.93,,33055.49
2025-12-10,BHIM*ZEPTOBLR,338.50,,32716.99
2025-12-10,UPI-664947-PRIYA SHARMA,3103.38,,29613.61
2025-12-10,ZERODHA SIP,3500.00,,26113.61
2025-12-13,UPI-MCDONALDS-887890,234.26,,25879.35
2025-12-13,UPI/472624/OLA/okaxis,225.50,,25653.85
2025-12-14,UPI/468551/BIGBASKET/okaxis,656.89,,24996.96
2025-12-16,UPI-RAPIDO-713234,174.54,,24822.42
2025-12-17,POS 5484 OLA,312.72,,24509.70
2025-12-17,BHIM*MOBILERECHARGE,599.00,,23910.70
2025-12-18,BBPS/ELECTRICITY/BESCOM,1107.00,,22803.70
2025-12-19,UPI-SWIGGY-785443,255.92,,22547.78
2025-12-19,UPI/870365/UBER/oksbi,144.77,,22403.01
2025-12-20,BHIM*MCDONALDSBLR,150.45,,22252.56
2025-12-21,ZOMATO*ORDER238771,260.70,,21991.86
2025-12-22,BHIM*DOMINOSBLR,207.07,,21784.79
2025-12-23,UPI-407273-RAJESH KUMAR,1282.11,,20502.68
2025-12-24,UPI/489092/INTERNET/paytm,799.00,,19703.68
2025-12-25,POS 1489 SWIGGY,238.21,,19465.47
2025-12-25,UPI/810601/BLINKIT/paytm,1102.53,,18362.94
2025-12-26,UPI-DOMINOS-127047,231.40,,18131.54
2025-12-26,BHIM*OLABLR,118.02,,18013.52
2025-12-26,BHIM*MYNTRABLR,1347.35,,16666.17
2025-12-26,IMPS/P2A/741198/Neha Gupta,650.03,,16016.14
2025-12-28,SWIGGY*ORDER233760,235.42,,15780.72
2025-12-29,UPI/648485/OLA/paytm,154.71,,15626.01
2025-12-30,OLA,210.60,,15415.41
2025-12-31,NEFT-HDFC0001234-SALARY-DEC,,42000.00,57415.41
2026-01-01,UPI/423819271/LANDLORD/RENT,8500.00,,48915.41
2026-01-01,GPAY*RAPIDO,128.10,,48787.31
2026-01-02,DMART*ORDER522691,637.97,,48149.34
2026-01-03,UPI/363980/DOMINOS/ybl,346.57,,47802.77
2026-01-05,UPI/298043/UBER/okicici,148.26,,47654.51
2026-01-05,OLA*ORDER967853,182.25,,47472.26
2026-01-05,NIFTY INDEX SIP,3500.00,,43972.26
2026-01-06,PHONEPE*ZOMATOBLR,208.74,,43763.52
2026-01-07,UPI/394760/UBER/oksbi,175.29,,43588.23
2026-01-07,AMAZON,3204.72,,40383.51
2026-01-08,UPI/687963/NETFLIX,649.00,,39734.51
2026-01-09,DOMINOS*ORDER945334,297.55,,39436.96
2026-01-09,PHONEPE*UBER,217.39,,39219.57
2026-01-09,UPI-704663-ROHIT S,1074.55,,38145.02
2026-01-10,UPI/479603/SPOTIFY,119.00,,38026.02
2026-01-10,UPI/977386/YOUTUBE PREMIUM,149.00,,37877.02
2026-01-10,PHONEPE*ZEPTO,572.83,,37304.19
2026-01-10,BBPS/ELECTRICITY/BESCOM,909.70,,36394.49
2026-01-13,UPI/923623/BIGBASKET/okicici,882.59,,35511.90
2026-01-13,POS 5008 DMART,1005.51,,34506.39
2026-01-14,UPI-INTERNET-839913,899.00,,33607.39
2026-01-14,GPAY*MOBILERECHARGEBLR,399.00,,33208.39
2026-01-14,UPI/345082/PRIYA SHARMA/paytm,1912.86,,31295.53
2026-01-15,UPI/245163/GYM,1499.00,,29796.53
2026-01-15,UPI/314778/BLINKIT/oksbi,599.87,,29196.66
2026-01-16,UPI-MCDONALDS-569677,210.10,,28986.56
2026-01-21,UPI-202347-RAJESH KUMAR,1913.33,,27073.23
2026-01-24,BIGBASKET,800.90,,26272.33
2026-01-25,BHIM*MCDONALDSBLR,377.85,,25894.48
2026-01-25,UPI/923174/MYNTRA/paytm,2108.05,,23786.43
2026-01-27,POS 2329 SWIGGY,440.26,,23346.17
2026-01-28,NEFT-HDFC0001234-SALARY-JAN,,42000.00,65346.17
2026-01-28,UPI-UBER-725078,297.63,,65048.54
2026-01-28,UPI/785821/ROHIT S/paytm,1519.59,,63528.95
2026-01-29,UPI/948560/VIKAS JAIN/paytm,2086.28,,61442.67
2026-02-01,UPI/236054/UBER/okaxis,190.29,,61252.38
2026-02-01,UPI/717810/NEHA GUPTA/paytm,1068.49,,60183.89
2026-02-02,MCDONALD'S,713.09,,59470.80
2026-02-03,UPI/423819271/LANDLORD/RENT,8500.00,,50970.80
2026-02-03,BHIM*RAPIDOBLR,110.16,,50860.64
2026-02-03,PHONEPE*FLIPKARTBLR,820.47,,50040.17
2026-02-04,ZOMATO,225.91,,49814.26
2026-02-04,IMPS/P2A/190381/Rajesh Kumar,1001.46,,48812.80
2026-02-06,PAYTM*OLABLR,172.41,,48640.39
2026-02-06,POS 2422 OLA,169.86,,48470.53
2026-02-06,UPI-719316-ROHIT S,1161.27,,47309.26
2026-02-07,UPI/291407/YOUTUBE PREMIUM,149.00,,47160.26
2026-02-07,POS 2900 MCDONALD'S,127.23,,47033.03
2026-02-10,UPI/151561/SPOTIFY,119.00,,46914.03
2026-02-11,UPI/549706/MOBILE RECHARGE/oksbi,599.00,,46315.03
2026-02-12,UPI/891519/NETFLIX,649.00,,45666.03
2026-02-12,UPI-MCDONALDS-142645,164.58,,45501.45
2026-02-12,UPI-351845-RAJESH KUMAR,1077.51,,44423.94
2026-02-12,ZERODHA SIP,3500.00,,40923.94
2026-02-14,GPAY*DOMINOSBLR,435.33,,40488.61
2026-02-14,POS 2900 UBER,165.48,,40323.13
2026-02-15,UPI/917510/GYM,1499.00,,38824.13
2026-02-15,PHONEPE*CROMA,1073.79,,37750.34
2026-02-15,POS 8131 INTERNET,899.00,,36851.34
2026-02-16,BIGBASKET,597.82,,36253.52
2026-02-16,BBPS/ELECTRICITY/BESCOM,983.30,,35270.22
2026-02-17,PAYTM*SWIGGYBLR,449.67,,34820.55
2026-02-18,MCDONALD'S,254.50,,34566.05
2026-02-18,POS 7500 UBER,136.48,,34429.57
2026-02-18,UPI/533020/RAPIDO/ybl,67.55,,34362.02
2026-02-18,IMPS/P2A/933820/Vikas Jain,722.20,,33639.82
2026-02-19,UPI-OLA-756888,123.52,,33516.30
2026-02-19,UPI-194096-NEHA GUPTA,2762.50,,30753.80
2026-02-21,UPI/479495/ZEPTO/okicici,247.87,,30505.93
2026-02-21,GPAY*OLABLR,204.47,,30301.46
2026-02-21,BHIM*UBERBLR,147.71,,30153.75
2026-02-22,PAYTM*RAPIDOBLR,80.45,,30073.30
2026-02-23,UPI/744639/BIGBASKET/paytm,365.27,,29708.03
2026-02-25,UPI/614363/MCDONALDS/ybl,425.88,,29282.15
2026-02-27,ZOMATO*ORDER443268,447.67,,28834.48
2026-02-27,UPI/899745/DMART/okicici,529.82,,28304.66
2026-02-28,NEFT-HDFC0001234-SALARY-FEB,,42000.00,70304.66
2026-03-01,DOMINOS*ORDER590484,465.39,,69839.27
2026-03-01,RAPIDO,188.49,,69650.78
2026-03-04,UPI/423819271/LANDLORD/RENT,8500.00,,61150.78
2026-03-04,POS 2399 RAPIDO,85.31,,61065.47
2026-03-04,UPI-772502-AMIT VERMA,975.49,,60089.98
2026-03-05,UPI/345853/YOUTUBE PREMIUM,149.00,,59940.98
2026-03-05,GPAY*MCDONALDS,433.56,,59507.42
2026-03-05,RAPIDO,118.95,,59388.47
2026-03-05,UPI/564272/OLA/okaxis,105.25,,59283.22
2026-03-06,DOMINOS,283.75,,58999.47
2026-03-07,UPI/169066/GYM,1499.00,,57500.47
2026-03-08,UPI/218287/SPOTIFY,119.00,,57381.47
2026-03-08,UPI-BIGBASKET-481614,435.44,,56946.03
2026-03-08,UPI-MYNTRA-187122,3419.48,,53526.55
2026-03-09,UPI/113841/NETFLIX,649.00,,52877.55
2026-03-10,UPI/158702/VIKAS JAIN/paytm,1441.23,,51436.32
2026-03-11,POS 4806 SWIGGY,165.17,,51271.15
2026-03-11,OLA,181.32,,51089.83
2026-03-11,MUTUAL FUND SIP,3500.00,,47589.83
2026-03-12,UPI/643477/DMART/ybl,506.74,,47083.09
2026-03-13,ZOMATO,259.57,,46823.52
2026-03-15,PAYTM*RAPIDOBLR,64.05,,46759.47
2026-03-15,POS 1353 RAPIDO,75.84,,46683.63
2026-03-15,BHIM*MOBILERECHARGE,599.00,,46084.63
2026-03-17,BHIM*AMAZON,1928.43,,44156.20
2026-03-17,UPI-CROMA-241862,4468.42,,39687.78
2026-03-17,UPI/694414/INTERNET/okaxis,799.00,,38888.78
2026-03-18,BBPS/ELECTRICITY/BESCOM,1031.41,,37857.37
2026-03-20,MCDONALDS*ORDER818350,317.75,,37539.62
2026-03-22,PHONEPE*BIGBASKETBLR,464.61,,37075.01
2026-03-22,UPI-ZEPTO-687364,474.87,,36600.14
2026-03-25,UPI/356961/DOMINOS/paytm,109.71,,36490.43
2026-03-25,POS 1143 ZEPTO,753.72,,35736.71
2026-03-25,IMPS/P2A/686888/Rajesh Kumar,1133.34,,34603.37
2026-03-26,PHONEPE*FLIPKARTBLR,1554.83,,33048.54
2026-03-27,UPI/664976/MCDONALD'S/okaxis,196.22,,32852.32
2026-03-30,BLINKIT*ORDER759086,480.33,,32371.99
2026-03-30,UPI-CROMA-134304,943.80,,31428.19
2026-03-31,NEFT-HDFC0001234-SALARY-MAR,,42000.00,73428.19
2026-03-31,PHONEPE*OLABLR,91.69,,73336.50
2026-04-02,POS 4347 DMART,531.91,,72804.59
2026-04-02,UPI/830764/AMIT VERMA/paytm,1895.13,,70909.46
2026-04-03,UPI/267091/MCDONALDS/paytm,161.25,,70748.21
2026-04-03,PAYTM*DOMINOSBLR,233.35,,70514.86
2026-04-04,UPI/423819271/LANDLORD/RENT,8500.00,,62014.86
2026-04-05,DOMINOS,140.11,,61874.75
2026-04-05,POS 6631 DOMINOS,186.41,,61688.34
2026-04-06,PHONEPE*OLABLR,53.88,,61634.46
2026-04-07,UPI/503681/SPOTIFY,119.00,,61515.46
2026-04-07,ZEPTO,668.48,,60846.98
2026-04-08,UPI/361059/YOUTUBE PREMIUM,149.00,,60697.98
2026-04-09,MCDONALDS*ORDER181322,134.63,,60563.35
2026-04-10,UPI/162555/NETFLIX,649.00,,59914.35
2026-04-11,UPI/316879/UBER/okaxis,270.96,,59643.39
2026-04-12,UPI/463926/GYM,1499.00,,58144.39
2026-04-12,UPI-SWIGGY-216755,299.21,,57845.18
2026-04-13,UPI-AMAZON-683661,2498.27,,55346.91
2026-04-13,AMAZON*ORDER759294,2647.78,,52699.13
2026-04-13,MUTUAL FUND SIP,3500.00,,49199.13
2026-04-14,GPAY*RAPIDO,71.92,,49127.21
2026-04-15,UPI/588456/DMART/oksbi,403.19,,48724.02
2026-04-16,UPI-INTERNET-532027,999.00,,47725.02
2026-04-16,UPI-838929-PRIYA SHARMA,2807.98,,44917.04
2026-04-16,IMPS/P2A/905753/Priya Sharma,1169.13,,43747.91
2026-04-18,GPAY*SWIGGY,142.06,,43605.85
2026-04-18,UPI/288995/BLINKIT/paytm,319.84,,43286.01
2026-04-19,PHONEPE*ZOMATO,198.56,,43087.45
2026-04-19,UPI/255130/UBER/okicici,162.87,,42924.58
2026-04-20,BBPS/ELECTRICITY/BESCOM,1194.49,,41730.09
2026-04-20,UPI-MOBILERECHARGE-262068,499.00,,41231.09
2026-04-26,BLINKIT*ORDER318087,282.90,,40948.19
2026-04-28,NEFT-HDFC0001234-SALARY-APR,,42000.00,82948.19
2026-04-29,PAYTM*ZOMATOBLR,320.29,,82627.90
2026-04-29,FLIPKART,643.17,,81984.73
2026-05-02,PHONEPE*DOMINOS,175.56,,81809.17
2026-05-02,POS 3894 RAPIDO,159.21,,81649.96
2026-05-02,UPI/228849/MYNTRA/ybl,1447.53,,80202.43
2026-05-02,UPI-469625-RAJESH KUMAR,785.43,,79417.00
2026-05-04,UPI/423819271/LANDLORD/RENT,8500.00,,70917.00
2026-05-04,SWIGGY,207.02,,70709.98
2026-05-04,UPI-ZEPTO-852328,471.41,,70238.57
2026-05-04,UPI-AMAZON-782825,634.17,,69604.40
2026-05-07,UPI/694682/SPOTIFY,119.00,,69485.40
2026-05-07,UPI/407672/YOUTUBE PREMIUM,149.00,,69336.40
2026-05-07,UPI/401787/GYM,1499.00,,67837.40
2026-05-07,PAYTM*BLINKIT,744.04,,67093.36
2026-05-09,UBER*ORDER878664,80.07,,67013.29
2026-05-10,UPI/570844/NETFLIX,649.00,,66364.29
2026-05-10,MUTUAL FUND SIP,3500.00,,62864.29
2026-05-12,UPI-OLA-237308,84.98,,62779.31
2026-05-14,ZOMATO*ORDER864690,418.70,,62360.61
2026-05-15,OLA*ORDER707800,173.47,,62187.14
2026-05-15,UPI-OLA-818389,110.34,,62076.80
2026-05-15,UPI-RAPIDO-917755,106.41,,61970.39
2026-05-15,UPI/324987/INTERNET/okaxis,999.00,,60971.39
2026-05-16,UPI/153877/FLIPKART/paytm,1519.41,,59451.98
2026-05-16,BBPS/ELECTRICITY/BESCOM,1238.39,,58213.59
2026-05-17,GPAY*ZEPTO,394.60,,57818.99
2026-05-19,UPI/524565/MOBILE RECHARGE/oksbi,299.00,,57519.99
2026-05-20,UPI/816315/CROMA/paytm,1121.63,,56398.36
2026-05-21,UPI/307568/RAJESH KUMAR/paytm,1571.85,,54826.51
2026-05-22,UPI/627522/DOMINOS/paytm,175.87,,54650.64
2026-05-22,UPI/365535/ZEPTO/oksbi,459.89,,54190.75
2026-05-23,PAYTM*SWIGGY,165.00,,54025.75
2026-05-23,UPI/586127/ZEPTO/okicici,361.69,,53664.06
2026-05-24,UPI/641968/SWIGGY/okicici,207.19,,53456.87
2026-05-25,POS 8939 SWIGGY,258.12,,53198.75
2026-05-26,UPI-OLA-550283,127.60,,53071.15
2026-05-30,UPI/820069/ZOMATO/okicici,208.54,,52862.61
2026-05-31,NEFT-HDFC0001234-SALARY-MAY,,42000.00,94862.61
2026-06-01,UPI-UBER-820179,283.68,,94578.93
2026-06-02,UPI/423819271/LANDLORD/RENT,8500.00,,86078.93
2026-06-03,UPI/905428/SWIGGY/oksbi,163.65,,85915.28
2026-06-03,GPAY*SWIGGYBLR,78.22,,85837.06
2026-06-03,UPI/445875/BIGBASKET/okicici,587.65,,85249.41
2026-06-03,UPI-RAPIDO-518650,181.00,,85068.41
2026-06-05,UPI/990178/GYM,1499.00,,83569.41
2026-06-05,UPI/577680/UBER/okicici,114.60,,83454.81
2026-06-07,UPI/741753/YOUTUBE PREMIUM,149.00,,83305.81
2026-06-09,UPI/247368/NETFLIX,649.00,,82656.81
2026-06-09,POS 5595 RAPIDO,80.47,,82576.34
2026-06-11,GPAY*BIGBASKETBLR,460.49,,82115.85
2026-06-11,ZERODHA SIP,3500.00,,78615.85
2026-06-12,UPI/129259/SPOTIFY,119.00,,78496.85
2026-06-12,MOBILERECHARGE*ORDER215446,599.00,,77897.85
2026-06-14,BBPS/ELECTRICITY/BESCOM,570.39,,77327.46
2026-06-16,UPI/337007/OLA/okicici,361.70,,76965.76
2026-06-17,UPI/965811/ZOMATO/oksbi,439.24,,76526.52
2026-06-17,UPI/711473/DOMINOS/paytm,240.55,,76285.97
2026-06-18,BIGBASKET,387.83,,75898.14
2026-06-19,GPAY*DOMINOSBLR,282.65,,75615.49
2026-06-19,UPI/600992/BIGBASKET/ybl,382.76,,75232.73
2026-06-19,POS 5286 OLA,124.22,,75108.51
2026-06-22,PAYTM*CROMABLR,1162.69,,73945.82
2026-06-23,POS 7700 DMART,650.35,,73295.47
2026-06-23,POS 2021 BLINKIT,407.69,,72887.78
2026-06-24,PHONEPE*DOMINOS,160.72,,72727.06
2026-06-24,UPI-OLA-998429,152.39,,72574.67
2026-06-25,UPI-INTERNET-730008,899.00,,71675.67
2026-06-28,POS 8338 RAPIDO,141.31,,71534.36
2026-06-28,UPI/940336/VIKAS JAIN/paytm,747.81,,70786.55
2026-06-28,UPI-620905-VIKAS JAIN,2047.42,,68739.13
2026-06-29,UPI/470792/SWIGGY/okicici,297.75,,68441.38
2026-06-30,NEFT-HDFC0001234-SALARY-JUN,,42000.00,110441.38
2026-06-30,POS 4110 ZOMATO,187.07,,110254.31
2026-06-30,PAYTM*MCDONALDSBLR,646.98,,109607.33
2026-06-30,UPI/263556/BLINKIT/paytm,599.86,,109007.47
2026-06-30,UPI/759085/BIGBASKET/oksbi,407.63,,108599.84
2026-07-01,UPI/423819271/LANDLORD/RENT,8500.00,,100099.84
2026-07-04,BHIM*SWIGGY,346.31,,99753.53
2026-07-05,UPI/786007/NETFLIX,649.00,,99104.53
2026-07-05,OLA,102.88,,99001.65
2026-07-05,UPI-RAPIDO-209878,108.56,,98893.09
2026-07-08,POS 5374 DMART,379.10,,98513.99
2026-07-08,POS 2622 OLA,72.61,,98441.38
2026-07-08,MUTUAL FUND SIP,3500.00,,94941.38
2026-07-09,UPI/286232/GYM,1499.00,,93442.38
2026-07-10,DOMINOS,558.60,,92883.78
2026-07-10,BBPS/ELECTRICITY/BESCOM,1618.28,,91265.50
2026-07-11,UPI/566097/SPOTIFY,119.00,,91146.50
2026-07-11,BHIM*CROMA,1367.36,,89779.14
2026-07-13,UPI/469733/YOUTUBE PREMIUM,149.00,,89630.14
2026-07-14,POS 6647 INTERNET,799.00,,88831.14
2026-07-16,UPI/214683/DMART/paytm,672.04,,88159.10
2026-07-16,UPI/631483/OLA/paytm,83.20,,88075.90
2026-07-16,UPI/563422/RAPIDO/okicici,119.66,,87956.24
2026-07-16,MYNTRA,1214.84,,86741.40
2026-07-16,UPI-102011-ROHIT S,1787.47,,84953.93
2026-07-18,POS 9013 MCDONALD'S,1012.15,,83941.78
2026-07-18,UPI-BIGBASKET-757191,370.41,,83571.37
2026-07-18,UPI/434364/MYNTRA/oksbi,1631.45,,81939.92
2026-07-19,SWIGGY*ORDER719254,268.03,,81671.89
2026-07-20,UPI/818234/SWIGGY/ybl,265.91,,81405.98
2026-07-20,IMPS/P2A/262280/Amit Verma,8565.82,,72840.16
2026-07-23,ZOMATO*ORDER415267,603.00,,72237.16
2026-07-23,GPAY*RAPIDO,124.84,,72112.32
2026-07-23,POS 9629 OLA,176.00,,71936.32
2026-07-24,POS 6013 DMART,514.52,,71421.80
2026-07-25,GPAY*MCDONALDSBLR,503.44,,70918.36
2026-07-25,OLA*ORDER295318,95.78,,70822.58
2026-07-25,UPI/797709/MOBILERECHARGE/okaxis,499.00,,70323.58
2026-07-26,UPI/657709/MCDONALD'S/okicici,237.66,,70085.92
2026-07-27,BLINKIT*ORDER116407,661.06,,69424.86
2026-07-28,NEFT-HDFC0001234-SALARY-JUL,,42000.00,111424.86
2026-07-30,MCDONALD'S,318.93,,111105.93
2026-07-31,BLINKIT,467.28,,110638.65
2026-07-31,POS 6298 RAPIDO,98.28,,110540.37
2026-08-01,UPI-DOMINOS-445498,462.07,,110078.30
2026-08-01,PHONEPE*ZEPTO,431.72,,109646.58
2026-08-01,IMPS/P2A/751695/Amit Verma,1760.72,,107885.86
2026-08-02,UPI/423819271/LANDLORD/RENT,8500.00,,99385.86
2026-08-02,UPI/779522/VIKAS JAIN/paytm,803.55,,98582.31
2026-08-03,UPI/796040/RAPIDO/okicici,169.60,,98412.71
2026-08-05,UPI/832173/VIKAS JAIN/paytm,1537.90,,96874.81
2026-08-06,UPI/313174/YOUTUBE PREMIUM,149.00,,96725.81
2026-08-06,AMAZON,2758.13,,93967.68
2026-08-07,UPI/878533/ZOMATO/okaxis,272.18,,93695.50
2026-08-07,UPI/105434/DMART/paytm,985.18,,92710.32
2026-08-08,UPI/126848/GYM,1499.00,,91211.32
2026-08-08,DOMINOS*ORDER704779,241.75,,90969.57
2026-08-08,UPI-DOMINOS-352180,557.25,,90412.32
2026-08-08,UPI-991130-AMIT VERMA,1008.29,,89404.03
2026-08-09,MCDONALD'S,218.35,,89185.68
2026-08-10,UPI/268071/NETFLIX,649.00,,88536.68
2026-08-10,IMPS/P2A/618288/Vikas Jain,1190.65,,87346.03
2026-08-11,UPI/224294/SPOTIFY,119.00,,87227.03
2026-08-11,ZOMATO*ORDER347679,248.66,,86978.37
2026-08-11,BBPS/ELECTRICITY/BESCOM,1120.69,,85857.68
2026-08-12,POS 9149 SWIGGY,86.83,,85770.85
2026-08-13,PHONEPE*MYNTRABLR,1822.55,,83948.30
2026-08-14,DMART,431.92,,83516.38
2026-08-14,UPI-OLA-786867,105.10,,83411.28
2026-08-14,GROWW SIP,3500.00,,79911.28
2026-08-16,UPI/760358/ZOMATO/paytm,180.50,,79730.78
2026-08-17,FLIPKART*ORDER285347,398.50,,79332.28
2026-08-17,UPI/714948/INTERNET/paytm,999.00,,78333.28
2026-08-18,UPI/909110/MCDONALDS/ybl,278.96,,78054.32
2026-08-21,UPI/914155/MCDONALDS/oksbi,92.80,,77961.52
2026-08-21,UPI/314051/SWIGGY/okicici,139.29,,77822.23
2026-08-22,PHONEPE*SWIGGYBLR,21000.00,,56822.23
2026-08-23,OLA,208.04,,56614.19
2026-08-23,POS 7714 MOBILE RECHARGE,299.00,,56315.19
2026-08-24,BLINKIT*ORDER998033,446.68,,55868.51
2026-08-24,BHIM*OLABLR,261.08,,55607.43
2026-08-25,UPI/190068/ZOMATO/oksbi,299.96,,55307.47
2026-08-27,UPI/202978/MYNTRA/paytm,1565.58,,53741.89
2026-08-28,UPI-RAPIDO-202836,68.67,,53673.22
2026-08-29,NEFT-HDFC0001234-SALARY-AUG,,42000.00,95673.22
2026-08-31,UPI/672326/ZOMATO/oksbi,117.53,,95555.69
2026-08-31,UPI/297193/ZEPTO/paytm,359.51,,95196.18
2026-08-31,UPI-AMAZON-675632,1810.73,,93385.45
2026-09-01,UPI/404818/ZOMATO/oksbi,125.21,,93260.24
2026-09-02,UPI/423819271/LANDLORD/RENT,8500.00,,84760.24
2026-09-04,UPI/293524/SWIGGY/okicici,154.67,,84605.57
2026-09-05,OLA,173.33,,84432.24
2026-09-06,UPI-BLINKIT-280599,1066.03,,83366.21
2026-09-07,MCDONALD'S,332.45,,83033.76
2026-09-08,UPI/839235/YOUTUBE PREMIUM,149.00,,82884.76
2026-09-08,UPI-FLIPKART-530248,2196.26,,80688.50
2026-09-09,UPI/863800/NETFLIX,649.00,,80039.50
2026-09-09,GPAY*DOMINOS,334.28,,79705.22
2026-09-10,POS 5964 ZOMATO,147.56,,79557.66
2026-09-10,RAPIDO*ORDER352476,169.60,,79388.06
2026-09-11,ZOMATO*ORDER661206,370.75,,79017.31
2026-09-11,UPI/911062/INTERNET/okaxis,999.00,,78018.31
2026-09-11,NIFTY INDEX SIP,3500.00,,74518.31
2026-09-12,POS 8713 MCDONALD'S,185.45,,74332.86
2026-09-13,UPI/265896/DOMINOS/okicici,257.52,,74075.34
2026-09-13,BHIM*UBER,196.82,,73878.52
2026-09-13,UPI/477593/CROMA/paytm,2728.01,,71150.51
2026-09-13,UPI/411558/AMIT VERMA/paytm,1113.08,,70037.43
2026-09-14,UPI/271578/SPOTIFY,119.00,,69918.43
2026-09-14,BHIM*OLA,108.15,,69810.28
2026-09-15,UPI/171162/GYM,1499.00,,68311.28
2026-09-15,BLINKIT*ORDER345645,360.75,,67950.53
2026-09-16,MCDONALD'S,144.40,,67806.13
2026-09-16,UPI/166478/AMAZON/okaxis,1339.84,,66466.29
2026-09-18,ZOMATO,292.52,,66173.77
2026-09-18,PHONEPE*ZOMATO,411.74,,65762.03
2026-09-19,BBPS/ELECTRICITY/BESCOM,1284.65,,64477.38
2026-09-19,PHONEPE*MOBILERECHARGE,399.00,,64078.38
2026-09-20,PAYTM*BIGBASKETBLR,392.42,,63685.96
2026-09-23,UPI/587850/MCDONALDS/paytm,276.74,,63409.22
2026-09-23,FLIPKART*ORDER858372,1203.03,,62206.19
2026-09-24,PAYTM*OLABLR,156.77,,62049.42
2026-09-24,POS 7542 RAPIDO,98.42,,61951.00
2026-09-26,UPI/213617/BLINKIT/paytm,651.90,,61299.10
2026-09-26,UBER*ORDER710229,184.72,,61114.38
2026-09-27,UPI/131017/SWIGGY/okaxis,144.78,,60969.60
2026-09-28,BHIM*BIGBASKETBLR,794.05,,60175.55
2026-09-29,RAPIDO*ORDER504136,196.99,,59978.56
2026-09-29,RAPIDO,140.77,,59837.79
2026-09-29,UPI/771561/PRIYA SHARMA/paytm,2788.23,,57049.56
2026-09-30,NEFT-HDFC0001234-SALARY-SEP,,42000.00,99049.56
2025-10-01,DOMINOS*ORDER833215,80.28,,46319.72
2025-10-01,UPI/105452/BIGBASKET/paytm,585.51,,45734.21
2025-10-05,UPI/423819271/LANDLORD/RENT,15000.00,,30734.21
2025-10-05,UPI/541973/ZEPTO/paytm,693.03,,30041.18
2025-10-05,PHONEPE*OLA,182.42,,29858.76
2025-10-05,UPI/222943/MYNTRA/oksbi,1343.06,,28515.70
2025-10-06,UPI/583552/DOMINOS/paytm,356.64,,28159.06
2025-10-07,UPI/144581/YOUTUBE PREMIUM,149.00,,28010.06
2025-10-07,BIGBASKET,982.65,,27027.41
2025-10-07,AMAZON,387.05,,26640.36
2025-10-08,UPI/218084/GYM,1499.00,,25141.36
2025-10-09,UPI/771349/NETFLIX,649.00,,24492.36
2025-10-09,UPI-DMART-384248,1405.13,,23087.23
2025-10-09,UPI/733628/OLA/okaxis,338.60,,22748.63
2025-10-10,UPI-MCDONALDS-533077,324.14,,22424.49
2025-10-10,UPI/924670/BIGBASKET/okaxis,2270.61,,20153.88
2025-10-10,UPI/718621/INTERNET/oksbi,799.00,,19354.88
2025-10-10,IMPS/P2A/203743/Vikas Jain,385.11,,18969.77
2025-10-11,UPI-MOBILERECHARGE-350838,599.00,,18370.77
2025-10-11,GROWW SIP,5500.00,,12870.77
2025-10-13,UPI/713619/SPOTIFY,119.00,,12751.77
2025-10-13,PAYTM*DOMINOSBLR,220.70,,12531.07
2025-10-13,UPI/472588/UBER/oksbi,169.93,,12361.14
2025-10-13,UPI/712387/AMIT VERMA/paytm,7688.14,,4673.00
2025-10-14,BHIM*ZEPTOBLR,432.86,,4240.14
2025-10-14,UPI/602196/UBER/okaxis,505.11,,3735.03
2025-10-15,UPI/464716/DOMINOS/okicici,654.59,,3080.44
2025-10-16,UPI/597145/RAPIDO/oksbi,349.05,,2731.39
2025-10-18,ZOMATO,241.29,,2490.10
2025-10-18,BHIM*OLA,275.29,,2214.81
2025-10-18,BBPS/ELECTRICITY/BESCOM,879.73,,1335.08
2025-10-18,UPI/567381/NEHA GUPTA/paytm,631.78,,703.30
2025-10-19,BHIM*DOMINOS,755.97,,-52.67
2025-10-20,UPI-498274-ROHIT S,1666.53,,-1719.20
2025-10-21,OLA*ORDER345394,406.14,,-2125.34
2025-10-22,IMPS/P2A/320082/Amit Verma,807.81,,-2933.15
2025-10-23,POS 4622 OLA,361.15,,-3294.30
2025-10-25,UPI-344295-ROHIT S,1957.97,,-5252.27
2025-10-26,UBER,162.47,,-5414.74
2025-10-29,RAPIDO,402.49,,-5817.23
2025-10-30,GPAY*ZEPTO,1738.31,,-7555.54
2025-10-30,POS 4925 RAPIDO,223.78,,-7779.32
2025-10-30,OLA,337.22,,-8116.54
2025-10-31,NEFT-HDFC0001234-SALARY-OCT,,50000.00,41883.46
2025-11-02,UPI-DMART-820319,691.23,,41192.23
2025-11-02,UPI/290098/BLINKIT/ybl,448.13,,40744.10
2025-11-03,UPI/423819271/LANDLORD/RENT,15000.00,,25744.10
2025-11-03,BLINKIT*ORDER300647,1339.01,,24405.09
2025-11-04,POS 3024 SWIGGY,361.49,,24043.60
2025-11-05,POS 2095 MCDONALD'S,182.48,,23861.12
2025-11-06,UPI/860911/GYM,1499.00,,22362.12
2025-11-06,ZOMATO*ORDER690671,181.72,,22180.40
2025-11-08,UPI/406270/SPOTIFY,119.00,,22061.40
2025-11-08,UPI-BLINKIT-940468,1491.31,,20570.09
2025-11-09,UPI-MCDONALDS-341843,443.41,,20126.68
2025-11-09,MCDONALDS*ORDER681395,324.51,,19802.17
2025-11-10,PHONEPE*MYNTRA,1244.15,,18558.02
2025-11-11,DOMINOS*ORDER877725,320.73,,18237.29
2025-11-11,PHONEPE*AMAZONBLR,1867.26,,16370.03
2025-11-12,UPI/873864/YOUTUBE PREMIUM,149.00,,16221.03
2025-11-12,PAYTM*SWIGGYBLR,552.13,,15668.90
2025-11-12,POS 6948 MCDONALD'S,397.08,,15271.82
2025-11-12,UPI-UBER-128040,366.68,,14905.14
2025-11-13,UPI/642397/NETFLIX,649.00,,14256.14
2025-11-13,BBPS/ELECTRICITY/BESCOM,1205.77,,13050.37
2025-11-15,UPI/555736/SWIGGY/okicici,183.56,,12866.81
2025-11-15,MUTUAL FUND SIP,5500.00,,7366.81
2025-11-17,PAYTM*MYNTRA,1337.85,,6028.96
2025-11-17,PAYTM*MOBILERECHARGE,399.00,,5629.96
2025-11-18,PAYTM*BIGBASKET,489.44,,5140.52
2025-11-18,RAPIDO,219.82,,4920.70
2025-11-18,IMPS/P2A/963034/Priya Sharma,310.01,,4610.69
2025-11-19,BHIM*DMART,434.30,,4176.39
2025-11-19,GPAY*OLA,211.42,,3964.97
2025-11-19,UPI/282540/NEHA GUPTA/paytm,462.37,,3502.60
2025-11-20,UPI-INTERNET-696634,899.00,,2603.60
2025-11-21,PAYTM*SWIGGYBLR,151.97,,2451.63
2025-11-23,UPI-ZOMATO-928359,404.74,,2046.89
2025-11-23,UPI-970795-AMIT VERMA,688.44,,1358.45
2025-11-24,POS 8956 DOMINOS,573.93,,784.52
2025-11-24,PHONEPE*FLIPKART,2311.04,,-1526.52
2025-11-24,IMPS/P2A/871189/Rohit S,2713.32,,-4239.84
2025-11-25,RAPIDO,192.55,,-4432.39
2025-11-26,IMPS/P2A/718479/Neha Gupta,1073.17,,-5505.56
2025-11-27,POS 8724 ZOMATO,309.19,,-5814.75
2025-11-30,NEFT-HDFC0001234-SALARY-NOV,,50000.00,44185.25
2025-12-02,SWIGGY*ORDER653488,387.93,,43797.32
2025-12-02,OLA,119.42,,43677.90
2025-12-03,UPI/423819271/LANDLORD/RENT,15000.00,,28677.90
2025-12-03,UPI/988071/DMART/oksbi,871.19,,27806.71
2025-12-05,BHIM*MCDONALDSBLR,647.61,,27159.10
2025-12-05,MYNTRA,3534.13,,23624.97
2025-12-05,NIFTY INDEX SIP,5500.00,,18124.97
2025-12-08,GPAY*SWIGGY,283.82,,17841.15
2025-12-08,UPI-ZOMATO-306686,174.76,,17666.39
2025-12-08,UPI-ZEPTO-471683,1161.19,,16505.20
2025-12-08,UPI-368122-PRIYA SHARMA,622.67,,15882.53
2025-12-09,UPI/486310/GYM,1499.00,,14383.53
2025-12-09,UPI-DMART-137476,1763.88,,12619.65
2025-12-10,RAPIDO,284.65,,12335.00
2025-12-10,UPI/652962/RAPIDO/okicici,266.81,,12068.19
2025-12-10,OLA*ORDER598867,213.51,,11854.68
2025-12-11,UPI/390954/NETFLIX,649.00,,11205.68
2025-12-11,UPI/393622/SPOTIFY,119.00,,11086.68
2025-12-11,UPI/809890/YOUTUBE PREMIUM,149.00,,10937.68
2025-12-11,GPAY*AMAZONBLR,765.97,,10171.71
2025-12-11,AMAZON,3210.06,,6961.65
2025-12-12,OLA,71.23,,6890.42
2025-12-13,UPI-BLINKIT-423812,1064.38,,5826.04
2025-12-14,GPAY*UBERBLR,295.07,,5530.97
2025-12-15,GPAY*ZEPTO,354.08,,5176.89
2025-12-15,UPI-UBER-149852,519.01,,4657.88
2025-12-18,UPI-ZOMATO-835137,720.08,,3937.80
2025-12-18,UPI/642375/SWIGGY/paytm,370.84,,3566.96
2025-12-19,DOMINOS,262.27,,3304.69
2025-12-19,UPI/322095/ROHIT S/paytm,1186.16,,2118.53
2025-12-20,UPI/875641/RAPIDO/okaxis,314.56,,1803.97
2025-12-21,UPI/651185/MOBILE RECHARGE/ybl,599.00,,1204.97
2025-12-23,PAYTM*BLINKIT,672.41,,532.56
2025-12-23,UPI/945571/INTERNET/paytm,899.00,,-366.44
2025-12-24,UPI/555532/RAPIDO/oksbi,347.14,,-713.58
2025-12-24,UPI/390101/FLIPKART/paytm,1279.98,,-1993.56
2025-12-24,UPI/949024/AMIT VERMA/paytm,2445.31,,-4438.87
2025-12-25,UPI/792852/CROMA/paytm,1535.35,,-5974.22
2025-12-25,BBPS/ELECTRICITY/BESCOM,882.23,,-6856.45
2025-12-26,UPI/650934/RAPIDO/oksbi,354.50,,-7210.95
2025-12-26,UPI-676928-RAJESH KUMAR,2327.98,,-9538.93
2025-12-28,UPI-ZOMATO-896062,151.74,,-9690.67
2025-12-30,UPI-ZEPTO-652249,399.71,,-10090.38
2025-12-30,OLA,180.12,,-10270.50
2025-12-31,NEFT-HDFC0001234-SALARY-DEC,,50000.00,39729.50
2025-12-31,UPI/257666/OLA/ybl,279.88,,39449.62
2026-01-01,UPI/394872/RAPIDO/oksbi,321.30,,39128.32
2026-01-02,GPAY*DMART,1100.62,,38027.70
2026-01-02,UBER,169.18,,37858.52
2026-01-03,UPI/423819271/LANDLORD/RENT,15000.00,,22858.52
2026-01-04,UPI/704361/DOMINOS/ybl,781.66,,22076.86
2026-01-05,UPI/320038/YOUTUBE PREMIUM,149.00,,21927.86
2026-01-06,PHONEPE*AMAZONBLR,922.09,,21005.77
2026-01-07,POS 6895 OLA,475.90,,20529.87
2026-01-08,MUTUAL FUND SIP,5500.00,,15029.87
2026-01-09,UPI/629693/SPOTIFY,119.00,,14910.87
2026-01-09,PAYTM*RAPIDOBLR,128.80,,14782.07
2026-01-10,UPI/192133/ZEPTO/okaxis,1273.85,,13508.22
2026-01-12,UPI/596627/NETFLIX,649.00,,12859.22
2026-01-12,UPI/407395/GYM,1499.00,,11360.22
2026-01-12,POS 2153 RAPIDO,196.43,,11163.79
2026-01-12,UPI/247459/NEHA GUPTA/paytm,8413.83,,2749.96
2026-01-13,GPAY*ZEPTO,484.65,,2265.31
2026-01-13,UBER*ORDER500204,160.29,,2105.02
2026-01-13,UPI/925573/CROMA/okicici,1711.83,,393.19
2026-01-14,BHIM*DMART,466.39,,-73.20
2026-01-14,UBER,503.32,,-576.52
2026-01-16,POS 8668 AMAZON,1012.94,,-1589.46
2026-01-17,BBPS/ELECTRICITY/BESCOM,800.15,,-2389.61
2026-01-18,UPI/363945/OLA/ybl,223.30,,-2612.91
2026-01-19,POS 4938 RAPIDO,349.44,,-2962.35
2026-01-24,UPI-DOMINOS-769059,243.61,,-3205.96
2026-01-24,PHONEPE*ZOMATOBLR,398.28,,-3604.24
2026-01-24,BHIM*MYNTRA,1090.38,,-4694.62
2026-01-24,IMPS/P2A/166125/Rajesh Kumar,776.81,,-5471.43
2026-01-25,UPI-INTERNET-876396,899.00,,-6370.43
2026-01-25,GPAY*MOBILERECHARGEBLR,499.00,,-6869.43
2026-01-26,PAYTM*SWIGGY,212.17,,-7081.60
2026-01-26,UPI/385470/ROHIT S/paytm,2968.66,,-10050.26
2026-01-27,POS 3823 SWIGGY,299.47,,-10349.73
2026-01-30,NEFT-HDFC0001234-SALARY-JAN,,50000.00,39650.27
2026-01-30,UPI/965894/AMIT VERMA/paytm,1791.50,,37858.77
2026-01-31,UPI-RAPIDO-842864,191.65,,37667.12
2026-01-31,POS 8970 UBER,188.07,,37479.05
2026-01-31,UPI/953280/FLIPKART/oksbi,1604.24,,35874.81
2026-01-31,UPI/995352/ROHIT S/paytm,1289.09,,34585.72
2026-02-01,UPI-243885-RAJESH KUMAR,341.92,,34243.80
2026-02-02,UPI/423819271/LANDLORD/RENT,15000.00,,19243.80
2026-02-03,PHONEPE*SWIGGYBLR,384.27,,18859.53
2026-02-03,UPI/784651/ROHIT S/paytm,2409.62,,16449.91
2026-02-04,UPI/139842/AMAZON/okicici,2070.03,,14379.88
2026-02-05,UPI/926147/YOUTUBE PREMIUM,149.00,,14230.88
2026-02-05,UPI/466196/GYM,1499.00,,12731.88
2026-02-06,UPI/456452/NETFLIX,649.00,,12082.88
2026-02-06,DMART,456.93,,11625.95
2026-02-07,UPI/528260/NEHA GUPTA/paytm,444.88,,11181.07
2026-02-08,PHONEPE*DOMINOS,276.71,,10904.36
2026-02-09,POS 2146 MCDONALD'S,501.08,,10403.28
2026-02-09,OLA*ORDER436587,402.30,,10000.98
2026-02-09,GROWW SIP,5500.00,,4500.98
2026-02-10,UPI/136028/SPOTIFY,119.00,,4381.98
2026-02-10,GPAY*SWIGGY,370.10,,4011.88
2026-02-10,POS 3493 MCDONALD'S,258.00,,3753.88
2026-02-10,UPI-MCDONALDS-881870,232.29,,3521.59
2026-02-11,IMPS/P2A/385185/Amit Verma,1907.54,,1614.05
2026-02-12,ZOMATO*ORDER837170,829.14,,784.91
2026-02-12,UPI/291490/UBER/okaxis,310.33,,474.58
2026-02-12,INTERNET*ORDER835649,999.00,,-524.42
2026-02-14,ZOMATO,341.14,,-865.56
2026-02-14,UPI-556055-NEHA GUPTA,1652.15,,-2517.71
2026-02-15,POS 2947 BIGBASKET,796.87,,-3314.58
2026-02-15,POS 2318 UBER,106.46,,-3421.04
2026-02-15,BHIM*AMAZONBLR,2016.24,,-5437.28
2026-02-16,UPI-UBER-419189,594.27,,-6031.55
2026-02-17,GPAY*ZEPTO,3029.11,,-9060.66
2026-02-17,PHONEPE*FLIPKART,3034.26,,-12094.92
2026-02-17,UPI-MOBILERECHARGE-122040,599.00,,-12693.92
2026-02-18,POS 6360 DOMINOS,287.13,,-12981.05
2026-02-19,IMPS/P2A/762100/Neha Gupta,1217.04,,-14198.09
2026-02-22,UPI/625606/MCDONALD'S/ybl,157.15,,-14355.24
2026-02-22,BHIM*DOMINOS,393.25,,-14748.49
2026-02-24,BHIM*BIGBASKETBLR,1134.10,,-15882.59
2026-02-24,UPI/207240/OLA/oksbi,99.18,,-15981.77
2026-02-25,BBPS/ELECTRICITY/BESCOM,1174.35,,-17156.12
2026-02-27,UPI/805654/ZOMATO/okicici,241.24,,-17397.36
2026-02-28,NEFT-HDFC0001234-SALARY-FEB,,50000.00,32602.64
2026-02-28,UPI/125346/FLIPKART/okicici,1026.38,,31576.26
2026-03-01,UPI/797002/ZEPTO/okicici,697.71,,30878.55
2026-03-01,UPI-OLA-136900,436.01,,30442.54
2026-03-02,UPI/790379/UBER/paytm,116.63,,30325.91
2026-03-03,UPI/423819271/LANDLORD/RENT,15000.00,,15325.91
2026-03-03,POS 8076 DOMINOS,318.63,,15007.28
2026-03-03,UPI/421201/BIGBASKET/ybl,1526.20,,13481.08
2026-03-04,PHONEPE*DOMINOSBLR,472.62,,13008.46
2026-03-04,UPI/103984/ROHIT S/paytm,757.52,,12250.94
2026-03-06,UPI/961558/SPOTIFY,119.00,,12131.94
2026-03-08,POS 3995 UBER,239.94,,11892.00
2026-03-09,PAYTM*AMAZON,819.56,,11072.44
2026-03-10,UPI/258993/GYM,1499.00,,9573.44
2026-03-10,PHONEPE*MYNTRA,3194.43,,6379.01
2026-03-11,PAYTM*BIGBASKETBLR,1443.43,,4935.58
2026-03-11,UPI/776947/RAPIDO/ybl,134.68,,4800.90
2026-03-13,UPI/905173/NETFLIX,649.00,,4151.90
2026-03-13,BBPS/ELECTRICITY/BESCOM,906.36,,3245.54
2026-03-13,MUTUAL FUND SIP,5500.00,,-2254.46
2026-03-14,UPI/706168/OLA/ybl,117.91,,-2372.37
2026-03-14,UPI-765085-ROHIT S,748.87,,-3121.24
2026-03-15,UPI/654342/YOUTUBE PREMIUM,149.00,,-3270.24
2026-03-18,DOMINOS,227.71,,-3497.95
2026-03-18,UPI/162472/VIKAS JAIN/paytm,2747.81,,-6245.76
2026-03-19,POS 6971 UBER,119.71,,-6365.47
2026-03-19,IMPS/P2A/589645/Neha Gupta,681.54,,-7047.01
2026-03-19,IMPS/P2A/470326/Priya Sharma,1724.78,,-8771.79
2026-03-20,UPI/550860/BLINKIT/okicici,1788.21,,-10560.00
2026-03-20,PAYTM*DMART,570.94,,-11130.94
2026-03-21,GPAY*SWIGGY,378.76,,-11509.70
2026-03-23,UPI-INTERNET-891313,899.00,,-12408.70
2026-03-23,MOBILE RECHARGE,499.00,,-12907.70
2026-03-23,UPI-307814-VIKAS JAIN,2786.23,,-15693.93
2026-03-26,UPI/227253/ZOMATO/okaxis,359.55,,-16053.48
2026-03-26,UPI/857287/RAPIDO/okaxis,110.50,,-16163.98
2026-03-27,PAYTM*ZEPTO,853.92,,-17017.90
2026-03-28,BHIM*BIGBASKET,664.82,,-17682.72
2026-03-28,PAYTM*ZEPTOBLR,1352.33,,-19035.05
2026-03-28,OLA*ORDER397650,141.68,,-19176.73
2026-03-29,POS 5058 SWIGGY,325.97,,-19502.70
2026-03-29,UPI/304905/ZEPTO/okaxis,1118.34,,-20621.04
2026-03-29,PAYTM*RAPIDO,297.46,,-20918.50
2026-03-30,NEFT-HDFC0001234-SALARY-MAR,,50000.00,29081.50
2026-04-02,POS 8269 RAPIDO,231.02,,28850.48
2026-04-03,MCDONALDS*ORDER380594,212.00,,28638.48
2026-04-04,CROMA*ORDER157918,1840.27,,26798.21
2026-04-05,UPI/423819271/LANDLORD/RENT,15000.00,,11798.21
2026-04-05,POS 9105 RAPIDO,294.06,,11504.15
2026-04-05,MUTUAL FUND SIP,5500.00,,6004.15
2026-04-06,BIGBASKET*ORDER964630,1086.68,,4917.47
2026-04-06,PAYTM*FLIPKART,2284.15,,2633.32
2026-04-07,MCDONALD'S,475.13,,2158.19
2026-04-07,UPI-OLA-622424,288.70,,1869.49
2026-04-08,UPI-RAPIDO-317182,305.09,,1564.40
2026-04-09,UPI/262139/GYM,1499.00,,65.40
2026-04-09,PHONEPE*ZEPTO,853.64,,-788.24
2026-04-09,BHIM*OLABLR,518.04,,-1306.28
2026-04-11,UPI/317869/NETFLIX,649.00,,-1955.28
2026-04-11,UPI/710031/SPOTIFY,119.00,,-2074.28
2026-04-12,POS 3408 BLINKIT,982.21,,-3056.49
2026-04-12,UPI/922653/RAJESH KUMAR/paytm,528.66,,-3585.15
2026-04-14,GPAY*RAPIDOBLR,323.10,,-3908.25
2026-04-14,BBPS/ELECTRICITY/BESCOM,1308.69,,-5216.94
2026-04-15,UPI/130666/YOUTUBE PREMIUM,149.00,,-5365.94
2026-04-15,UPI/160573/DOMINOS/okicici,390.53,,-5756.47
2026-04-16,DOMINOS*ORDER541259,215.90,,-5972.37
2026-04-16,ZEPTO,756.31,,-6728.68
2026-04-17,UPI/717442/CROMA/paytm,1219.98,,-7948.66
2026-04-18,ZOMATO*ORDER738138,222.18,,-8170.84
2026-04-19,UPI/646925/SWIGGY/oksbi,300.93,,-8471.77
2026-04-19,UPI-957066-PRIYA SHARMA,1810.62,,-10282.39
2026-04-22,UPI/686534/ZOMATO/oksbi,446.75,,-10729.14
2026-04-22,BHIM*MOBILERECHARGE,599.00,,-11328.14
2026-04-23,UBER,183.76,,-11511.90
2026-04-24,POS 7526 DOMINOS,252.12,,-11764.02
2026-04-24,GPAY*DMARTBLR,776.95,,-12540.97
2026-04-24,INTERNET*ORDER236876,899.00,,-13439.97
2026-04-25,PAYTM*BIGBASKET,447.24,,-13887.21
2026-04-26,PHONEPE*OLA,155.42,,-14042.63
2026-04-26,RAPIDO*ORDER841306,172.52,,-14215.15
2026-04-27,BHIM*MYNTRABLR,871.19,,-15086.34
2026-04-28,NEFT-HDFC0001234-SALARY-APR,,50000.00,34913.66
2026-04-28,UPI/600899/ZOMATO/paytm,408.86,,34504.80
2026-04-30,UPI/871536/SWIGGY/okaxis,121.37,,34383.43
2026-04-30,POS 6913 BLINKIT,814.15,,33569.28
2026-04-30,UPI-RAPIDO-716070,90.37,,33478.91
2026-05-03,PHONEPE*OLA,246.55,,33232.36
2026-05-04,UPI/423819271/LANDLORD/RENT,15000.00,,18232.36
2026-05-05,UPI/264826/GYM,1499.00,,16733.36
2026-05-05,UPI/794729/ZOMATO/oksbi,137.39,,16595.97
2026-05-05,POS 5661 ZEPTO,578.87,,16017.10
2026-05-07,PAYTM*DOMINOS,445.14,,15571.96
2026-05-07,ZEPTO*ORDER469045,1768.12,,13803.84
2026-05-07,FLIPKART*ORDER545081,2329.66,,11474.18
2026-05-08,UPI/907247/NETFLIX,649.00,,10825.18
2026-05-08,UPI/712054/SPOTIFY,119.00,,10706.18
2026-05-08,BHIM*DOMINOSBLR,161.32,,10544.86
2026-05-08,OLA,106.41,,10438.45
2026-05-08,MUTUAL FUND SIP,5500.00,,4938.45
2026-05-09,IMPS/P2A/841965/Rajesh Kumar,1322.45,,3616.00
2026-05-10,UPI/160875/YOUTUBE PREMIUM,149.00,,3467.00
2026-05-10,PAYTM*ZOMATOBLR,335.10,,3131.90
2026-05-10,BBPS/ELECTRICITY/BESCOM,699.75,,2432.15
2026-05-10,UPI-729630-VIKAS JAIN,5752.47,,-3320.32
2026-05-13,UPI/307824/MCDONALDS/oksbi,467.39,,-3787.71
2026-05-13,POS 6538 MCDONALD'S,518.60,,-4306.31
2026-05-13,POS 6879 DMART,1078.24,,-5384.55
2026-05-17,UPI-DOMINOS-693630,391.79,,-5776.34
2026-05-17,UPI-FLIPKART-118800,2731.79,,-8508.13
2026-05-17,IMPS/P2A/389380/Amit Verma,1061.80,,-9569.93
2026-05-18,FLIPKART,2228.26,,-11798.19
2026-05-18,IMPS/P2A/222867/Vikas Jain,1158.35,,-12956.54
2026-05-20,DOMINOS*ORDER833761,94.90,,-13051.44
2026-05-20,UPI-UBER-194856,296.56,,-13348.00
2026-05-20,GPAY*UBERBLR,302.18,,-13650.18
2026-05-21,UPI/334512/INTERNET/paytm,999.00,,-14649.18
2026-05-22,SWIGGY,395.94,,-15045.12
2026-05-22,POS 1788 SWIGGY,274.50,,-15319.62
2026-05-22,POS 8435 OLA,191.31,,-15510.93
2026-05-22,UPI/586126/RAJESH KUMAR/paytm,874.32,,-16385.25
2026-05-23,PHONEPE*ZEPTOBLR,1021.14,,-17406.39
2026-05-23,UPI-BIGBASKET-814418,965.53,,-18371.92
2026-05-23,GPAY*OLA,247.89,,-18619.81
2026-05-24,GPAY*ZEPTOBLR,733.59,,-19353.40
2026-05-25,PAYTM*MOBILERECHARGEBLR,399.00,,-19752.40
2026-05-26,UPI/949964/MCDONALD'S/okicici,447.43,,-20199.83
2026-05-26,PAYTM*MCDONALDSBLR,468.68,,-20668.51
2026-05-27,PAYTM*MCDONALDS,403.83,,-21072.34
2026-05-27,ZEPTO,414.04,,-21486.38
2026-05-27,PHONEPE*RAPIDOBLR,219.16,,-21705.54
2026-05-28,BHIM*RAPIDO,59.68,,-21765.22
2026-05-30,OLA*ORDER613130,1021.85,,-22787.07
2026-05-30,IMPS/P2A/502788/Rajesh Kumar,4200.11,,-26987.18
2026-05-31,NEFT-HDFC0001234-SALARY-MAY,,50000.00,23012.82
2026-05-31,PAYTM*ZOMATO,549.24,,22463.58
2026-06-02,BHIM*MCDONALDS,373.48,,22090.10
2026-06-02,UPI/923535/FLIPKART/ybl,6086.93,,16003.17
2026-06-03,UPI/423819271/LANDLORD/RENT,15000.00,,1003.17
2026-06-04,UPI/240770/OLA/okicici,402.70,,600.47
2026-06-04,PAYTM*RAPIDO,237.82,,362.65
2026-06-06,UPI/597976/NETFLIX,649.00,,-286.35
2026-06-06,GROWW SIP,5500.00,,-5786.35
2026-06-07,UPI/663477/YOUTUBE PREMIUM,149.00,,-5935.35
2026-06-07,UPI/602078/GYM,1499.00,,-7434.35
2026-06-07,RAPIDO*ORDER410456,240.53,,-7674.88
2026-06-08,UPI-ZOMATO-700685,256.51,,-7931.39
2026-06-10,UPI/596967/SPOTIFY,119.00,,-8050.39
2026-06-10,PAYTM*MCDONALDS,918.66,,-8969.05
2026-06-11,POS 4631 OLA,376.68,,-9345.73
2026-06-12,UPI/852422/DOMINOS/oksbi,267.39,,-9613.12
2026-06-12,POS 2609 ZEPTO,598.84,,-10211.96
2026-06-13,POS 2400 BLINKIT,486.77,,-10698.73
2026-06-13,UPI/775619/FLIPKART/okicici,1717.15,,-12415.88
2026-06-14,BHIM*DOMINOS,322.16,,-12738.04
2026-06-14,UPI/765842/CROMA/okicici,2415.00,,-15153.04
2026-06-15,UPI/724944/DMART/ybl,1014.94,,-16167.98
2026-06-15,GPAY*INTERNETBLR,999.00,,-17166.98
2026-06-16,UPI/558945/RAPIDO/paytm,303.57,,-17470.55
2026-06-16,BBPS/ELECTRICITY/BESCOM,936.67,,-18407.22
2026-06-16,MOBILERECHARGE*ORDER491519,399.00,,-18806.22
2026-06-17,UPI-ZOMATO-837458,238.09,,-19044.31
2026-06-17,UPI/681527/OLA/okaxis,395.95,,-19440.26
2026-06-18,UPI/834503/DOMINOS/paytm,287.24,,-19727.50
2026-06-19,POS 8714 OLA,443.44,,-20170.94
2026-06-20,GPAY*MCDONALDS,427.43,,-20598.37
2026-06-20,PHONEPE*UBER,243.07,,-20841.44
2026-06-21,UPI/980843/RAPIDO/paytm,215.89,,-21057.33
2026-06-22,AMAZON,2975.56,,-24032.89
2026-06-23,UPI-OLA-156905,441.55,,-24474.44
2026-06-23,UPI/109123/OLA/oksbi,735.05,,-25209.49
2026-06-23,UPI/981077/OLA/okicici,411.43,,-25620.92
2026-06-24,PAYTM*DOMINOSBLR,291.48,,-25912.40
2026-06-24,BLINKIT*ORDER658776,667.83,,-26580.23
2026-06-24,UPI-149219-AMIT VERMA,1369.59,,-27949.82
2026-06-27,DOMINOS,270.72,,-28220.54
2026-06-29,UPI/427967/ROHIT S/paytm,1691.36,,-29911.90
2026-06-30,NEFT-HDFC0001234-SALARY-JUN,,50000.00,20088.10
2026-07-01,UPI/423819271/LANDLORD/RENT,15000.00,,5088.10
2026-07-01,ZOMATO,419.16,,4668.94
2026-07-02,UPI-SWIGGY-444189,301.02,,4367.92
2026-07-03,UPI-MCDONALDS-542448,445.26,,3922.66
2026-07-05,UPI-DOMINOS-753328,451.76,,3470.90
2026-07-05,UPI/100375/BIGBASKET/paytm,1395.99,,2074.91
2026-07-06,UPI/931931/GYM,1499.00,,575.91
2026-07-06,SWIGGY,368.94,,206.97
2026-07-07,BIGBASKET*ORDER851644,464.14,,-257.17
2026-07-08,POS 2458 RAPIDO,369.98,,-627.15
2026-07-09,UPI/353473/YOUTUBE PREMIUM,149.00,,-776.15
2026-07-09,SWIGGY*ORDER926725,315.37,,-1091.52
2026-07-09,UPI-OLA-457205,270.35,,-1361.87
2026-07-10,UPI/581321/BLINKIT/paytm,762.71,,-2124.58
2026-07-10,MUTUAL FUND SIP,5500.00,,-7624.58
2026-07-11,UPI/891692/SPOTIFY,119.00,,-7743.58
2026-07-11,MCDONALDS*ORDER538046,1118.75,,-8862.33
2026-07-11,POS 1458 MCDONALD'S,482.86,,-9345.19
2026-07-11,POS 3962 UBER,196.72,,-9541.91
2026-07-11,UPI-514183-NEHA GUPTA,1788.10,,-11330.01
2026-07-12,BHIM*BIGBASKET,663.82,,-11993.83
2026-07-12,PAYTM*AMAZONBLR,1469.24,,-13463.07
2026-07-13,MOBILE RECHARGE,299.00,,-13762.07
2026-07-14,UPI/766309/NETFLIX,649.00,,-14411.07
2026-07-14,BBPS/ELECTRICITY/BESCOM,1251.16,,-15662.23
2026-07-14,IMPS/P2A/982881/Amit Verma,1271.48,,-16933.71
2026-07-14,UPI-485301-NEHA GUPTA,286.75,,-17220.46
2026-07-19,UPI-DMART-444389,602.00,,-17822.46
2026-07-20,UPI/161810/DOMINOS/okicici,161.96,,-17984.42
2026-07-21,INTERNET,899.00,,-18883.42
2026-07-21,UPI-902417-ROHIT S,395.37,,-19278.79
2026-07-22,PAYTM*OLA,270.21,,-19549.00
2026-07-29,PHONEPE*MYNTRABLR,238.47,,-19787.47
2026-07-30,DMART,1567.90,,-21355.37
2026-07-30,BLINKIT,986.86,,-22342.23
2026-07-31,NEFT-HDFC0001234-SALARY-JUL,,50000.00,27657.77
2026-08-02,UPI/423819271/LANDLORD/RENT,15000.00,,12657.77
2026-08-03,POS 3146 OLA,381.62,,12276.15
2026-08-03,UBER,127.12,,12149.03
2026-08-03,UPI-502385-NEHA GUPTA,407.69,,11741.34
2026-08-04,GPAY*AMAZONBLR,1238.57,,10502.77
2026-08-05,UPI/133040/YOUTUBE PREMIUM,149.00,,10353.77
2026-08-05,UPI-SWIGGY-537372,490.19,,9863.58
2026-08-06,PHONEPE*ZOMATOBLR,259.47,,9604.11
2026-08-06,PAYTM*UBER,210.12,,9393.99
2026-08-06,PHONEPE*OLABLR,177.61,,9216.38
2026-08-06,RAPIDO,147.05,,9069.33
2026-08-06,POS 3415 OLA,293.81,,8775.52
2026-08-07,UPI/434461/MYNTRA/okaxis,428.38,,8347.14
2026-08-09,PAYTM*SWIGGYBLR,180.41,,8166.73
2026-08-09,GPAY*SWIGGY,261.36,,7905.37
2026-08-10,UPI/988130/OLA/okicici,264.28,,7641.09
2026-08-11,GPAY*MOBILERECHARGE,599.00,,7042.09
2026-08-11,UPI/872066/PRIYA SHARMA/paytm,2281.29,,4760.80
2026-08-13,UPI-SWIGGY-233842,237.60,,4523.20
2026-08-13,BBPS/ELECTRICITY/BESCOM,559.89,,3963.31
2026-08-14,ZEPTO*ORDER608543,486.22,,3477.09
2026-08-14,NIFTY INDEX SIP,5500.00,,-2022.91
2026-08-15,UPI/434351/NETFLIX,649.00,,-2671.91
2026-08-15,UPI/487716/SPOTIFY,119.00,,-2790.91
2026-08-15,UPI/575034/GYM,1499.00,,-4289.91
2026-08-15,UPI/917138/BLINKIT/okaxis,463.97,,-4753.88
2026-08-15,FLIPKART,638.66,,-5392.54
2026-08-16,PAYTM*BIGBASKETBLR,293.66,,-5686.20
2026-08-17,UPI/275943/BIGBASKET/okaxis,1104.59,,-6790.79
2026-08-19,UPI/549617/INTERNET/okaxis,799.00,,-7589.79
2026-08-20,POS 7474 MCDONALD'S,229.74,,-7819.53
2026-08-21,UBER,178.20,,-7997.73
2026-08-24,POS 3484 ZOMATO,344.04,,-8341.77
2026-08-26,PAYTM*RAPIDO,150.74,,-8492.51
2026-08-26,POS 6760 OLA,552.17,,-9044.68
2026-08-26,UPI/654808/UBER/okicici,383.45,,-9428.13
2026-08-28,UPI/953402/MYNTRA/oksbi,2092.27,,-11520.40
2026-08-30,NEFT-HDFC0001234-SALARY-AUG,,50000.00,38479.60
2026-08-30,UPI/185950/UBER/okaxis,176.61,,38302.99
2026-08-31,UPI/548490/MCDONALD'S/okaxis,316.35,,37986.64
2026-09-01,UPI/423819271/LANDLORD/RENT,15000.00,,22986.64
2026-09-01,PAYTM*UBER,196.44,,22790.20
2026-09-01,UPI-OLA-490603,216.59,,22573.61
2026-09-04,ZOMATO*ORDER265858,143.89,,22429.72
2026-09-04,UPI-DMART-609415,1503.72,,20926.00
2026-09-04,UPI-427821-PRIYA SHARMA,841.25,,20084.75
2026-09-05,UPI/386976/OLA/paytm,245.44,,19839.31
2026-09-07,UPI/934590/AMAZON/okicici,3464.81,,16374.50
2026-09-08,DMART*ORDER561756,1189.33,,15185.17
2026-09-09,UPI/978618/OLA/ybl,241.03,,14944.14
2026-09-10,UPI/159326/SPOTIFY,119.00,,14825.14
2026-09-10,UPI/415178/YOUTUBE PREMIUM,149.00,,14676.14
2026-09-10,NIFTY INDEX SIP,5500.00,,9176.14
2026-09-12,UPI/109087/NETFLIX,649.00,,8527.14
2026-09-12,UPI/892636/GYM,1499.00,,7028.14
2026-09-12,UPI-MCDONALDS-403252,483.37,,6544.77
2026-09-13,UPI/549892/ZOMATO/ybl,423.94,,6120.83
2026-09-13,BHIM*INTERNETBLR,899.00,,5221.83
2026-09-14,UPI/674130/ZOMATO/okicici,297.87,,4923.96
2026-09-14,UPI/380849/BIGBASKET/ybl,645.04,,4278.92
2026-09-14,IMPS/P2A/931019/Rohit S,834.30,,3444.62
2026-09-16,UPI-324703-ROHIT S,644.68,,2799.94
2026-09-17,UPI/244978/UBER/ybl,153.22,,2646.72
2026-09-17,OLA,269.67,,2377.05
2026-09-18,DOMINOS,368.76,,2008.29
2026-09-18,UPI/634005/FLIPKART/okaxis,444.30,,1563.99
2026-09-18,BBPS/ELECTRICITY/BESCOM,1044.35,,519.64
2026-09-19,GPAY*DOMINOS,99.50,,420.14
2026-09-19,UPI/445466/ZEPTO/paytm,1248.81,,-828.67
2026-09-19,UPI/813877/OLA/paytm,227.69,,-1056.36
2026-09-20,UPI-OLA-255993,246.57,,-1302.93
2026-09-21,RAPIDO*ORDER172132,211.35,,-1514.28
2026-09-22,UPI/915032/DOMINOS/okicici,171.93,,-1686.21
2026-09-22,UPI-ZOMATO-927341,299.11,,-1985.32
2026-09-23,UPI-986658-ROHIT S,532.05,,-2517.37
2026-09-24,UPI-MOBILERECHARGE-772799,299.00,,-2816.37
2026-09-26,BIGBASKET*ORDER425985,1123.25,,-3939.62
2026-09-26,UPI-820868-VIKAS JAIN,1441.25,,-5380.87
2026-09-27,UBER,147.96,,-5528.83
2026-09-28,NEFT-HDFC0001234-SALARY-SEP,,50000.00,44471.17
2026-09-28,UPI-BIGBASKET-950255,807.80,,43663.37
2026-09-29,UPI/522540/SWIGGY/oksbi,335.49,,43327.88
2026-09-29,UPI/684186/OLA/ybl,166.42,,43161.46
2025-10-02,UPI-BIGBASKET-345654,880.08,,64719.92
2025-10-02,UPI-UBER-950818,308.14,,64411.78
2025-10-03,MCDONALDS*ORDER579816,874.43,,63537.35
2025-10-04,UPI/423819271/LANDLORD/RENT,20000.00,,43537.35
2025-10-04,UPI/814386/MCDONALD'S/paytm,328.51,,43208.84
2025-10-05,UPI/646486/GYM,1499.00,,41709.84
2025-10-05,UPI/729774/UBER/okaxis,278.06,,41431.78
2025-10-06,DMART*ORDER111606,1033.60,,40398.18
2025-10-07,MCDONALD'S,657.59,,39740.59
2025-10-07,PHONEPE*SWIGGYBLR,590.47,,39150.12
2025-10-08,UPI/310513/ZOMATO/oksbi,239.77,,38910.35
2025-10-08,NIFTY INDEX SIP,8500.00,,30410.35
2025-10-09,UPI/480408/MCDONALD'S/oksbi,1097.70,,29312.65
2025-10-09,UPI/689095/SWIGGY/ybl,470.52,,28842.13
2025-10-10,BLINKIT*ORDER376200,2272.99,,26569.14
2025-10-11,UPI/958569/NETFLIX,649.00,,25920.14
2025-10-12,ZEPTO,818.96,,25101.18
2025-10-12,PAYTM*RAPIDO,265.14,,24836.04
2025-10-12,UPI-INTERNET-649443,899.00,,23937.04
2025-10-13,UPI/879616/SPOTIFY,119.00,,23818.04
2025-10-13,UPI/461367/YOUTUBE PREMIUM,149.00,,23669.04
2025-10-16,UPI/518560/BLINKIT/okicici,1471.60,,22197.44
2025-10-16,PHONEPE*CROMABLR,1015.27,,21182.17
2025-10-17,UPI/938154/UBER/oksbi,722.20,,20459.97
2025-10-17,AMAZON*ORDER645754,2119.77,,18340.20
2025-10-18,PAYTM*MCDONALDS,949.81,,17390.39
2025-10-19,MOBILERECHARGE*ORDER531116,599.00,,16791.39
2025-10-20,UPI/781852/AMAZON/okicici,4481.46,,12309.93
2025-10-21,PHONEPE*RAPIDO,465.73,,11844.20
2025-10-22,UPI-MCDONALDS-106636,861.11,,10983.09
2025-10-22,UPI-328736-NEHA GUPTA,2246.48,,8736.61
2025-10-23,UPI/112435/MCDONALDS/okaxis,520.49,,8216.12
2025-10-25,BBPS/ELECTRICITY/BESCOM,1393.90,,6822.22
2025-10-27,UPI-970062-RAJESH KUMAR,1370.99,,5451.23
2025-10-28,UPI-DOMINOS-108812,582.98,,4868.25
2025-10-29,POS 9719 DOMINOS,1001.02,,3867.23
2025-10-29,POS 9676 UBER,603.73,,3263.50
2025-10-31,NEFT-HDFC0001234-SALARY-OCT,,70000.00,73263.50
2025-11-01,BLINKIT,1038.20,,72225.30
2025-11-04,UPI/743683/DOMINOS/ybl,535.93,,71689.37
2025-11-05,UPI/423819271/LANDLORD/RENT,20000.00,,51689.37
2025-11-05,UPI/902530/AMAZON/paytm,1635.84,,50053.53
2025-11-05,UPI/486675/AMIT VERMA/paytm,2380.83,,47672.70
2025-11-06,NIFTY INDEX SIP,8500.00,,39172.70
2025-11-07,UPI/569505/BLINKIT/ybl,986.46,,38186.24
2025-11-08,UPI/744545/RAPIDO/ybl,318.92,,37867.32
2025-11-08,OLA*ORDER532807,561.68,,37305.64
2025-11-09,UPI/184011/GYM,1499.00,,35806.64
2025-11-09,UPI/923124/AMIT VERMA/paytm,467.53,,35339.11
2025-11-11,DMART*ORDER112617,1136.38,,34202.73
2025-11-11,UPI/153711/AMIT VERMA/paytm,571.51,,33631.22
2025-11-12,POS 8926 BLINKIT,1026.37,,32604.85
2025-11-13,UPI/414173/NETFLIX,649.00,,31955.85
2025-11-13,UPI/319962/SPOTIFY,119.00,,31836.85
2025-11-13,UPI/320398/ZOMATO/ybl,960.06,,30876.79
2025-11-14,UPI/340643/YOUTUBE PREMIUM,149.00,,30727.79
2025-11-14,PHONEPE*AMAZON,3260.68,,27467.11
2025-11-14,PHONEPE*INTERNETBLR,799.00,,26668.11
2025-11-14,UPI/493435/PRIYA SHARMA/paytm,435.77,,26232.34
2025-11-16,GPAY*ZOMATO,1078.44,,25153.90
2025-11-17,ZOMATO,993.14,,24160.76
2025-11-18,UPI/336622/BIGBASKET/paytm,1500.23,,22660.53
2025-11-20,POS 3619 RAPIDO,1133.78,,21526.75
2025-11-21,POS 5466 MOBILE RECHARGE,599.00,,20927.75
2025-11-22,DMART,1523.47,,19404.28
2025-11-24,BBPS/ELECTRICITY/BESCOM,1624.69,,17779.59
2025-11-25,POS 2989 SWIGGY,812.70,,16966.89
2025-11-25,POS 1840 BIGBASKET,571.74,,16395.15
2025-11-25,GPAY*UBERBLR,512.46,,15882.69
2025-11-25,AMAZON*ORDER417528,1182.29,,14700.40
2025-11-27,UPI/527939/CROMA/okaxis,4980.90,,9719.50
2025-11-28,UPI/806676/OLA/okaxis,369.44,,9350.06
2025-11-29,UPI/897957/RAPIDO/paytm,916.50,,8433.56
2025-11-30,NEFT-HDFC0001234-SALARY-NOV,,70000.00,78433.56
2025-12-01,UPI/423819271/LANDLORD/RENT,20000.00,,58433.56
2025-12-01,SWIGGY,599.21,,57834.35
2025-12-02,PAYTM*ZOMATO,461.26,,57373.09
2025-12-02,UPI/185375/ZOMATO/paytm,480.24,,56892.85
2025-12-02,ZEPTO,1184.29,,55708.56
2025-12-04,BHIM*ZOMATO,315.33,,55393.23
2025-12-07,IMPS/P2A/395270/Rohit S,3918.59,,51474.64
2025-12-08,MUTUAL FUND SIP,8500.00,,42974.64
2025-12-11,UPI/134540/NETFLIX,649.00,,42325.64
2025-12-11,UPI/444791/SPOTIFY,119.00,,42206.64
2025-12-11,POS 2785 DMART,1341.15,,40865.49
2025-12-11,POS 7937 UBER,399.67,,40465.82
2025-12-11,UPI/225558/ROHIT S/paytm,2043.97,,38421.85
2025-12-12,UPI/341132/MCDONALD'S/paytm,739.57,,37682.28
2025-12-12,BIGBASKET,1471.06,,36211.22
2025-12-12,UPI-OLA-681441,473.69,,35737.53
2025-12-13,UPI/465151/GYM,1499.00,,34238.53
2025-12-13,ZOMATO*ORDER481562,511.62,,33726.91
2025-12-13,UPI/139574/ZOMATO/okaxis,1076.82,,32650.09
2025-12-13,OLA*ORDER543763,425.54,,32224.55
2025-12-14,UPI/662835/YOUTUBE PREMIUM,149.00,,32075.55
2025-12-14,ZOMATO*ORDER818855,565.05,,31510.50
2025-12-14,GPAY*RAPIDOBLR,669.34,,30841.16
2025-12-17,GPAY*MOBILERECHARGEBLR,399.00,,30442.16
2025-12-17,IMPS/P2A/392280/Rajesh Kumar,591.92,,29850.24
2025-12-19,PAYTM*ZOMATOBLR,619.49,,29230.75
2025-12-19,UPI/979399/BLINKIT/okaxis,1528.77,,27701.98
2025-12-19,BHIM*OLA,247.18,,27454.80
2025-12-19,BBPS/ELECTRICITY/BESCOM,1438.26,,26016.54
2025-12-20,PAYTM*DOMINOSBLR,304.92,,25711.62
2025-12-20,UPI/906214/AMAZON/oksbi,1378.63,,24332.99
2025-12-23,BIGBASKET,1118.64,,23214.35
2025-12-23,PHONEPE*BIGBASKET,1083.74,,22130.61
2025-12-24,OLA,410.36,,21720.25
2025-12-24,UPI-AMAZON-656561,12204.98,,9515.27
2025-12-25,PAYTM*DOMINOSBLR,405.70,,9109.57
2025-12-25,SWIGGY*ORDER638712,873.07,,8236.50
2025-12-25,BHIM*INTERNET,799.00,,7437.50
2025-12-28,PAYTM*UBERBLR,451.61,,6985.89
2025-12-29,NEFT-HDFC0001234-SALARY-DEC,,70000.00,76985.89
2025-12-29,POS 1216 DOMINOS,392.56,,76593.33
2025-12-29,UPI-295685-ROHIT S,538.78,,76054.55
2025-12-31,UPI/516736/OLA/oksbi,319.04,,75735.51
2025-12-31,UPI/246093/CROMA/paytm,2098.20,,73637.31
2025-12-31,PHONEPE*MYNTRA,854.81,,72782.50
2026-01-01,UPI/423819271/LANDLORD/RENT,20000.00,,52782.50
2026-01-04,ZOMATO*ORDER477517,314.55,,52467.95
2026-01-07,BHIM*SWIGGY,175.16,,52292.79
2026-01-07,UPI-838639-NEHA GUPTA,894.25,,51398.54
2026-01-08,UPI-BIGBASKET-479142,839.67,,50558.87
2026-01-09,UPI/610531/GYM,1499.00,,49059.87
2026-01-09,UPI-DOMINOS-977975,823.39,,48236.48
2026-01-09,UPI/544666/RAPIDO/okaxis,1156.73,,47079.75
2026-01-09,FLIPKART*ORDER226388,1215.06,,45864.69
2026-01-10,UPI/683712/NETFLIX,649.00,,45215.69
2026-01-10,UPI/712868/YOUTUBE PREMIUM,149.00,,45066.69
2026-01-10,CROMA*ORDER802161,1662.54,,43404.15
2026-01-11,ZERODHA SIP,8500.00,,34904.15
2026-01-12,UPI/607130/SPOTIFY,119.00,,34785.15
2026-01-12,CROMA,2441.59,,32343.56
2026-01-13,POS 7334 INTERNET,799.00,,31544.56
2026-01-15,UPI-ZEPTO-300732,832.93,,30711.63
2026-01-19,BHIM*UBERBLR,528.98,,30182.65
2026-01-19,BBPS/ELECTRICITY/BESCOM,1952.82,,28229.83
2026-01-21,FLIPKART,1557.39,,26672.44
2026-01-22,UPI-ZEPTO-248251,1139.22,,25533.22
2026-01-22,UPI/607121/UBER/paytm,445.12,,25088.10
2026-01-23,POS 8353 DOMINOS,268.31,,24819.79
2026-01-23,OLA*ORDER727182,776.86,,24042.93
2026-01-23,BHIM*RAPIDOBLR,369.07,,23673.86
2026-01-23,PHONEPE*MOBILERECHARGEBLR,599.00,,23074.86
2026-01-26,PHONEPE*BIGBASKETBLR,903.91,,22170.95
2026-01-26,UPI/141747/BIGBASKET/paytm,1414.19,,20756.76
2026-01-27,UPI-SWIGGY-468817,228.48,,20528.28
2026-01-28,SWIGGY*ORDER973761,712.78,,19815.50
2026-01-28,POS 9434 SWIGGY,539.95,,19275.55
2026-01-29,OLA,425.52,,18850.03
2026-01-30,NEFT-HDFC0001234-SALARY-JAN,,70000.00,88850.03
2026-01-30,POS 4962 DOMINOS,408.16,,88441.87
2026-01-31,IMPS/P2A/734645/Rajesh Kumar,1989.69,,86452.18
2026-02-01,UPI/215147/SWIGGY/ybl,389.75,,86062.43
2026-02-01,BIGBASKET,1476.18,,84586.25
2026-02-02,UPI/423819271/LANDLORD/RENT,20000.00,,64586.25
2026-02-02,BHIM*OLA,551.21,,64035.04
2026-02-02,UBER*ORDER445053,328.27,,63706.77
2026-02-05,UPI/474942/RAPIDO/okaxis,879.20,,62827.57
2026-02-05,IMPS/P2A/982827/Rajesh Kumar,1293.60,,61533.97
2026-02-08,UPI/985343/SPOTIFY,119.00,,61414.97
2026-02-08,UPI/201955/RAPIDO/paytm,458.26,,60956.71
2026-02-08,UPI/328211/AMAZON/ybl,3374.43,,57582.28
2026-02-11,UPI/272813/YOUTUBE PREMIUM,149.00,,57433.28
2026-02-11,UPI/821589/GYM,1499.00,,55934.28
2026-02-11,UPI/817679/AMIT VERMA/paytm,1371.25,,54563.03
2026-02-11,GROWW SIP,8500.00,,46063.03
2026-02-12,POS 4433 BLINKIT,835.58,,45227.45
2026-02-12,UBER,699.64,,44527.81
2026-02-12,BBPS/ELECTRICITY/BESCOM,1630.20,,42897.61
2026-02-13,UPI/996442/NETFLIX,649.00,,42248.61
2026-02-15,BLINKIT,2438.70,,39809.91
2026-02-15,PAYTM*UBER,519.40,,39290.51
2026-02-16,UPI-938355-PRIYA SHARMA,902.81,,38387.70
2026-02-17,UPI-BLINKIT-926375,931.11,,37456.59
2026-02-18,UPI/131788/NEHA GUPTA/paytm,2988.86,,34467.73
2026-02-19,UPI-UBER-373223,356.01,,34111.72
2026-02-21,UPI/877472/MCDONALDS/oksbi,561.97,,33549.75
2026-02-21,UPI-ZOMATO-638796,415.25,,33134.50
2026-02-21,UPI/395310/INTERNET/okaxis,999.00,,32135.50
2026-02-22,UPI-MOBILERECHARGE-582529,299.00,,31836.50
2026-02-22,UPI/170524/PRIYA SHARMA/paytm,2368.16,,29468.34
2026-02-23,RAPIDO,331.75,,29136.59
2026-02-23,PHONEPE*UBERBLR,327.83,,28808.76
2026-02-24,UPI/827091/RAJESH KUMAR/paytm,499.42,,28309.34
2026-02-25,PAYTM*SWIGGYBLR,752.01,,27557.33
2026-02-25,POS 7369 RAPIDO,441.00,,27116.33
2026-02-25,BHIM*CROMA,2556.60,,24559.73
2026-02-26,PAYTM*MCDONALDSBLR,469.01,,24090.72
2026-02-27,UPI-UBER-497239,440.23,,23650.49
2026-02-28,NEFT-HDFC0001234-SALARY-FEB,,70000.00,93650.49
2026-02-28,UPI/534432/BIGBASKET/paytm,1906.94,,91743.55
2026-02-28,UPI/579441/UBER/okicici,734.69,,91008.86
2026-03-02,UPI/676960/UBER/ybl,1187.69,,89821.17
2026-03-04,UPI/423819271/LANDLORD/RENT,20000.00,,69821.17
2026-03-04,UPI/930098/ZEPTO/ybl,639.06,,69182.11
2026-03-05,UPI-AMAZON-560167,2731.61,,66450.50
2026-03-05,UPI-730953-NEHA GUPTA,1567.03,,64883.47
2026-03-07,MCDONALDS*ORDER889160,925.84,,63957.63
2026-03-09,UPI/498394/YOUTUBE PREMIUM,149.00,,63808.63
2026-03-11,UPI-OLA-983983,1309.84,,62498.79
2026-03-12,UPI/897831/GYM,1499.00,,60999.79
2026-03-13,UPI/636436/NETFLIX,649.00,,60350.79
2026-03-13,RAPIDO,1142.30,,59208.49
2026-03-14,UPI/627581/SPOTIFY,119.00,,59089.49
2026-03-14,NIFTY INDEX SIP,8500.00,,50589.49
2026-03-16,UBER*ORDER960384,1601.21,,48988.28
2026-03-17,PHONEPE*ZEPTO,1025.92,,47962.36
2026-03-17,GPAY*MYNTRABLR,1462.54,,46499.82
2026-03-18,GPAY*DOMINOS,172.21,,46327.61
2026-03-18,POS 5984 UBER,1076.89,,45250.72
2026-03-19,UPI/323945/SWIGGY/okaxis,957.73,,44292.99
2026-03-19,PHONEPE*DMART,741.85,,43551.14
2026-03-19,UPI/437087/MOBILE RECHARGE/okicici,499.00,,43052.14
2026-03-20,UPI/808366/OLA/oksbi,1331.59,,41720.55
2026-03-21,POS 6187 ZOMATO,584.34,,41136.21
2026-03-21,UPI-516654-ROHIT S,2204.90,,38931.31
2026-03-22,BBPS/ELECTRICITY/BESCOM,2125.37,,36805.94
2026-03-23,PAYTM*ZEPTO,718.26,,36087.68
2026-03-23,PAYTM*BLINKITBLR,1012.57,,35075.11
2026-03-23,AMAZON,4765.87,,30309.24
2026-03-23,UPI/428118/INTERNET/oksbi,899.00,,29410.24
2026-03-25,PHONEPE*SWIGGYBLR,1461.74,,27948.50
2026-03-27,PHONEPE*ZOMATOBLR,762.49,,27186.01
2026-03-27,UPI/273774/ZEPTO/paytm,2182.30,,25003.71
2026-03-27,UPI/436411/UBER/ybl,1766.92,,23236.79
2026-03-28,PAYTM*OLABLR,2220.41,,21016.38
2026-03-29,BLINKIT*ORDER746138,879.28,,20137.10
2026-03-29,MYNTRA*ORDER326943,5263.65,,14873.45
2026-03-30,NEFT-HDFC0001234-SALARY-MAR,,70000.00,84873.45
2026-03-30,PHONEPE*DOMINOS,426.89,,84446.56
2026-03-30,CROMA*ORDER791936,8936.93,,75509.63
2026-03-31,UPI/827845/BLINKIT/oksbi,1434.35,,74075.28
2026-04-02,IMPS/P2A/215682/Neha Gupta,576.36,,73498.92
2026-04-03,PHONEPE*AMAZONBLR,1382.75,,72116.17
2026-04-05,UPI/423819271/LANDLORD/RENT,20000.00,,52116.17
2026-04-05,PAYTM*DOMINOS,467.18,,51648.99
2026-04-05,FLIPKART*ORDER690311,2202.37,,49446.62
2026-04-07,ZEPTO,1648.97,,47797.65
2026-04-09,POS 6252 BIGBASKET,995.98,,46801.67
2026-04-09,UPI-BLINKIT-290388,1463.85,,45337.82
2026-04-10,UPI/560539/SPOTIFY,119.00,,45218.82
2026-04-10,UPI/363267/YOUTUBE PREMIUM,149.00,,45069.82
2026-04-10,MCDONALDS*ORDER921620,487.65,,44582.17
2026-04-10,PAYTM*UBER,447.39,,44134.78
2026-04-11,UPI/654369/NETFLIX,649.00,,43485.78
2026-04-11,UPI-ZEPTO-450142,1610.79,,41874.99
2026-04-12,BHIM*SWIGGY,540.40,,41334.59
2026-04-14,UPI/420960/GYM,1499.00,,39835.59
2026-04-15,PAYTM*DMARTBLR,980.12,,38855.47
2026-04-15,OLA*ORDER315319,526.97,,38328.50
2026-04-15,ZERODHA SIP,8500.00,,29828.50
2026-04-17,DOMINOS*ORDER503472,427.65,,29400.85
2026-04-17,PAYTM*MCDONALDSBLR,477.83,,28923.02
2026-04-18,UPI/483221/MOBILE RECHARGE/ybl,499.00,,28424.02
2026-04-19,PAYTM*DOMINOS,273.23,,28150.79
2026-04-20,POS 6569 DOMINOS,296.93,,27853.86
2026-04-20,PAYTM*ZEPTOBLR,593.46,,27260.40
2026-04-20,BBPS/ELECTRICITY/BESCOM,1786.45,,25473.95
2026-04-21,UPI-RAPIDO-902059,637.49,,24836.46
2026-04-22,PHONEPE*MCDONALDSBLR,793.28,,24043.18
2026-04-22,MCDONALD'S,486.99,,23556.19
2026-04-22,UPI-UBER-761595,282.11,,23274.08
2026-04-24,ZOMATO*ORDER616843,639.79,,22634.29
2026-04-24,PAYTM*DMART,1154.95,,21479.34
2026-04-24,MYNTRA*ORDER841034,2846.02,,18633.32
2026-04-24,UPI/207155/AMIT VERMA/paytm,764.66,,17868.66
2026-04-25,POS 4858 DMART,1437.76,,16430.90
2026-04-25,PAYTM*INTERNET,799.00,,15631.90
2026-04-26,ZOMATO*ORDER118939,388.59,,15243.31
2026-04-26,PHONEPE*BLINKITBLR,1356.54,,13886.77
2026-04-28,CROMA,4822.82,,9063.95
2026-04-29,IMPS/P2A/441040/Amit Verma,706.52,,8357.43
2026-04-30,NEFT-HDFC0001234-SALARY-APR,,70000.00,78357.43
2026-04-30,UPI/700907/OLA/paytm,501.21,,77856.22
2026-05-01,UPI/423819271/LANDLORD/RENT,20000.00,,57856.22
2026-05-01,OLA,258.49,,57597.73
2026-05-01,UPI/999978/UBER/oksbi,230.65,,57367.08
2026-05-01,UPI/934601/AMAZON/oksbi,1428.61,,55938.47
2026-05-02,PHONEPE*BIGBASKETBLR,1356.63,,54581.84
2026-05-02,IMPS/P2A/801203/Neha Gupta,946.49,,53635.35
2026-05-03,UPI-SWIGGY-278023,814.86,,52820.49
2026-05-03,DMART,859.65,,51960.84
2026-05-05,IMPS/P2A/127788/Vikas Jain,1858.49,,50102.35
2026-05-05,MUTUAL FUND SIP,8500.00,,41602.35
2026-05-06,UPI/294481/NETFLIX,649.00,,40953.35
2026-05-06,UPI/936045/DOMINOS/okicici,747.30,,40206.05
2026-05-07,UPI/764486/SPOTIFY,119.00,,40087.05
2026-05-09,OLA*ORDER917502,471.70,,39615.35
2026-05-10,POS 6923 MCDONALD'S,299.88,,39315.47
2026-05-10,BBPS/ELECTRICITY/BESCOM,1516.79,,37798.68
2026-05-13,POS 5531 ZEPTO,1499.89,,36298.79
2026-05-14,UPI/869889/YOUTUBE PREMIUM,149.00,,36149.79
2026-05-15,UPI/908411/GYM,1499.00,,34650.79
2026-05-15,UPI-BIGBASKET-315935,1466.54,,33184.25
2026-05-15,UPI/569241/RAPIDO/okaxis,478.48,,32705.77
2026-05-16,UPI/268053/DOMINOS/okicici,300.02,,32405.75
2026-05-18,UPI-UBER-915593,340.73,,32065.02
2026-05-18,PHONEPE*MOBILERECHARGE,399.00,,31666.02
2026-05-19,UPI/832573/UBER/ybl,397.33,,31268.69
2026-05-19,INTERNET,899.00,,30369.69
2026-05-20,GPAY*BIGBASKETBLR,2721.83,,27647.86
2026-05-20,IMPS/P2A/919824/Vikas Jain,2859.80,,24788.06
2026-05-21,ZOMATO*ORDER420421,666.07,,24121.99
2026-05-21,POS 4833 DOMINOS,321.81,,23800.18
2026-05-21,UPI-426014-NEHA GUPTA,2058.71,,21741.47
2026-05-21,UPI/377596/AMIT VERMA/paytm,2528.70,,19212.77
2026-05-24,UPI-ZOMATO-828156,348.75,,18864.02
2026-05-24,UPI-MCDONALDS-568625,325.98,,18538.04
2026-05-25,PHONEPE*UBERBLR,494.82,,18043.22
2026-05-26,ZOMATO,1052.10,,16991.12
2026-05-28,NEFT-HDFC0001234-SALARY-MAY,,70000.00,86991.12
2026-05-28,GPAY*ZEPTOBLR,1840.01,,85151.11
2026-05-29,PHONEPE*UBER,395.64,,84755.47
2026-06-01,UPI/423819271/LANDLORD/RENT,20000.00,,64755.47
2026-06-01,MCDONALDS*ORDER656719,267.06,,64488.41
2026-06-01,BHIM*DMARTBLR,378.70,,64109.71
2026-06-03,POS 7578 MCDONALD'S,424.74,,63684.97
2026-06-03,ZOMATO*ORDER943379,481.70,,63203.27
2026-06-04,UPI/202578/DOMINOS/paytm,811.86,,62391.41
2026-06-04,UPI/475602/OLA/paytm,548.77,,61842.64
2026-06-04,POS 5976 OLA,523.76,,61318.88
2026-06-06,UPI/363044/SPOTIFY,119.00,,61199.88
2026-06-06,POS 7676 RAPIDO,732.39,,60467.49
2026-06-07,UPI/212474/YOUTUBE PREMIUM,149.00,,60318.49
2026-06-07,UPI/614650/GYM,1499.00,,58819.49
2026-06-09,SWIGGY,487.92,,58331.57
2026-06-09,UPI/406285/OLA/okaxis,836.54,,57495.03
2026-06-10,UPI/942033/NETFLIX,649.00,,56846.03
2026-06-10,UPI/661121/BIGBASKET/okicici,3519.48,,53326.55
2026-06-11,ZERODHA SIP,8500.00,,44826.55
2026-06-12,UPI/730230/FLIPKART/okicici,4929.33,,39897.22
2026-06-12,BHIM*MOBILERECHARGE,499.00,,39398.22
2026-06-13,UPI-595930-PRIYA SHARMA,2659.61,,36738.61
2026-06-14,UPI/290367/ZOMATO/ybl,531.09,,36207.52
2026-06-15,UPI-MCDONALDS-524623,385.63,,35821.89
2026-06-15,OLA*ORDER750706,450.58,,35371.31
2026-06-16,POS 9982 ZEPTO,949.56,,34421.75
2026-06-16,UPI/898237/OLA/okaxis,852.07,,33569.68
2026-06-19,UPI-MCDONALDS-196520,191.13,,33378.55
2026-06-19,MCDONALD'S,264.44,,33114.11
2026-06-21,DOMINOS*ORDER671949,912.11,,32202.00
2026-06-21,BHIM*ZEPTOBLR,1441.23,,30760.77
2026-06-22,MYNTRA,1640.35,,29120.42
2026-06-22,INTERNET,899.00,,28221.42
2026-06-24,UPI/255127/DOMINOS/paytm,508.84,,27712.58
2026-06-25,BBPS/ELECTRICITY/BESCOM,1074.13,,26638.45
2026-06-27,UPI/211697/MCDONALDS/paytm,307.82,,26330.63
2026-06-27,DMART,1245.09,,25085.54
2026-06-28,POS 2271 BIGBASKET,850.85,,24234.69
2026-06-29,NEFT-HDFC0001234-SALARY-JUN,,70000.00,94234.69
2026-06-29,UPI/640284/BIGBASKET/oksbi,1233.91,,93000.78
2026-06-29,UPI/144040/UBER/okicici,431.25,,92569.53
2026-06-29,UPI-688662-VIKAS JAIN,1349.70,,91219.83
2026-06-30,UPI/616476/BLINKIT/okicici,1046.32,,90173.51
2026-06-30,PHONEPE*BLINKIT,1248.89,,88924.62
2026-07-01,UPI/132374/RAPIDO/okaxis,590.88,,88333.74
2026-07-04,UPI/423819271/LANDLORD/RENT,20000.00,,68333.74
2026-07-05,UPI/597290/DMART/oksbi,1221.22,,67112.52
2026-07-05,MUTUAL FUND SIP,8500.00,,58612.52
2026-07-07,ZEPTO*ORDER151102,2132.89,,56479.63
2026-07-09,UPI/669257/SPOTIFY,119.00,,56360.63
2026-07-09,DOMINOS*ORDER285274,272.90,,56087.73
2026-07-09,UPI/441595/RAJESH KUMAR/paytm,2583.90,,53503.83
2026-07-10,UPI/431071/NETFLIX,649.00,,52854.83
2026-07-10,UPI/992735/GYM,1499.00,,51355.83
2026-07-10,DOMINOS*ORDER291309,350.96,,51004.87
2026-07-10,OLA,955.79,,50049.08
2026-07-11,UPI-823753-AMIT VERMA,771.96,,49277.12
2026-07-12,UPI/560531/YOUTUBE PREMIUM,149.00,,49128.12
2026-07-12,UPI/606896/MCDONALDS/okaxis,304.98,,48823.14
2026-07-12,BIGBASKET,1333.15,,47489.99
2026-07-12,PHONEPE*OLA,435.46,,47054.53
2026-07-13,UPI-FLIPKART-330262,1069.80,,45984.73
2026-07-14,GPAY*BLINKIT,1069.98,,44914.75
2026-07-14,BHIM*BIGBASKET,2080.10,,42834.65
2026-07-15,POS 3151 CROMA,4547.71,,38286.94
2026-07-16,UPI/453666/ZOMATO/ybl,358.40,,37928.54
2026-07-17,PHONEPE*BLINKITBLR,2279.66,,35648.88
2026-07-17,UBER,162.03,,35486.85
2026-07-18,PHONEPE*UBERBLR,362.87,,35123.98
2026-07-18,UPI-325614-AMIT VERMA,400.83,,34723.15
2026-07-19,BHIM*RAPIDOBLR,389.31,,34333.84
2026-07-19,UPI-219648-NEHA GUPTA,698.79,,33635.05
2026-07-20,PHONEPE*OLA,597.07,,33037.98
2026-07-20,PHONEPE*INTERNET,799.00,,32238.98
2026-07-21,DOMINOS*ORDER140497,387.19,,31851.79
2026-07-21,BHIM*CROMA,5249.58,,26602.21
2026-07-22,UPI-RAPIDO-872619,420.94,,26181.27
2026-07-22,UPI-300537-RAJESH KUMAR,1016.70,,25164.57
2026-07-23,UPI/709958/OLA/okaxis,518.63,,24645.94
2026-07-23,BBPS/ELECTRICITY/BESCOM,1685.47,,22960.47
2026-07-24,PAYTM*MOBILERECHARGE,499.00,,22461.47
2026-07-25,UPI/413656/SWIGGY/paytm,612.74,,21848.73
2026-07-25,MCDONALD'S,394.45,,21454.28
2026-07-25,UPI/691562/OLA/ybl,732.50,,20721.78
2026-07-27,UPI/206087/DMART/ybl,1305.45,,19416.33
2026-07-30,POS 1793 RAPIDO,704.67,,18711.66
2026-07-30,UPI/484844/RAPIDO/ybl,720.28,,17991.38
2026-07-30,UPI/405482/NEHA GUPTA/paytm,1009.08,,16982.30
2026-07-31,NEFT-HDFC0001234-SALARY-JUL,,70000.00,86982.30
2026-08-02,POS 9534 SWIGGY,623.32,,86358.98
2026-08-02,IMPS/P2A/332114/Rajesh Kumar,2090.87,,84268.11
2026-08-02,UPI/796060/ROHIT S/paytm,561.04,,83707.07
2026-08-04,UPI/423819271/LANDLORD/RENT,20000.00,,63707.07
2026-08-05,PHONEPE*BIGBASKETBLR,1188.82,,62518.25
2026-08-09,UPI/975526/NETFLIX,649.00,,61869.25
2026-08-09,MCDONALD'S,348.43,,61520.82
2026-08-11,UPI/620234/GYM,1499.00,,60021.82
2026-08-11,ZOMATO*ORDER746883,466.61,,59555.21
2026-08-11,UPI/341944/ZOMATO/paytm,492.60,,59062.61
2026-08-11,BBPS/ELECTRICITY/BESCOM,1234.47,,57828.14
2026-08-11,MUTUAL FUND SIP,8500.00,,49328.14
2026-08-12,UPI/510126/SPOTIFY,119.00,,49209.14
2026-08-12,UPI/683393/YOUTUBE PREMIUM,149.00,,49060.14
2026-08-12,UPI-UBER-116523,864.38,,48195.76
2026-08-12,PAYTM*INTERNETBLR,999.00,,47196.76
2026-08-14,ZOMATO*ORDER647533,1115.22,,46081.54
2026-08-14,PAYTM*MCDONALDS,423.79,,45657.75
2026-08-14,POS 6431 MCDONALD'S,610.10,,45047.65
2026-08-15,ZEPTO,727.05,,44320.60
2026-08-15,POS 1928 BIGBASKET,934.41,,43386.19
2026-08-16,POS 9170 MCDONALD'S,2119.46,,41266.73
2026-08-16,IMPS/P2A/288910/Priya Sharma,1189.73,,40077.00
2026-08-19,ZOMATO,301.85,,39775.15
2026-08-21,BLINKIT*ORDER426547,898.70,,38876.45
2026-08-21,POS 2947 MOBILE RECHARGE,499.00,,38377.45
2026-08-23,GPAY*SWIGGYBLR,792.19,,37585.26
2026-08-23,UPI/975555/ROHIT S/paytm,2798.67,,34786.59
2026-08-24,UPI/422224/UBER/oksbi,347.36,,34439.23
2026-08-25,MCDONALDS*ORDER318005,753.94,,33685.29
2026-08-25,UPI/550377/OLA/ybl,380.77,,33304.52
2026-08-25,IMPS/P2A/165919/Rohit S,1597.01,,31707.51
2026-08-27,UPI/535102/DOMINOS/ybl,389.35,,31318.16
2026-08-27,UPI-SWIGGY-872280,354.64,,30963.52
2026-08-29,NEFT-HDFC0001234-SALARY-AUG,,70000.00,100963.52
2026-08-29,UPI/747874/RAPIDO/okaxis,1081.16,,99882.36
2026-08-29,UPI-CROMA-686456,1231.70,,98650.66
2026-08-30,UPI/726680/OLA/okaxis,563.60,,98087.06
2026-08-31,SWIGGY*ORDER514830,214.78,,97872.28
2026-09-01,UPI/423819271/LANDLORD/RENT,20000.00,,77872.28
2026-09-01,UPI-UBER-787527,817.01,,77055.27
2026-09-01,UPI-539817-RAJESH KUMAR,3225.03,,73830.24
2026-09-02,UPI-MYNTRA-901889,1971.84,,71858.40
2026-09-03,POS 7802 CROMA,1494.73,,70363.67
2026-09-03,UPI/653737/NEHA GUPTA/paytm,1797.38,,68566.29
2026-09-04,UPI/806826/RAPIDO/oksbi,1324.48,,67241.81
2026-09-05,DOMINOS*ORDER721995,483.77,,66758.04
2026-09-05,POS 8323 ZOMATO,800.34,,65957.70
2026-09-05,UPI/459203/ZOMATO/oksbi,404.89,,65552.81
2026-09-08,UPI/502853/SPOTIFY,119.00,,65433.81
2026-09-09,UPI/893253/NETFLIX,649.00,,64784.81
2026-09-09,UPI-CROMA-911489,1538.34,,63246.47
2026-09-10,UPI/177569/BIGBASKET/paytm,757.32,,62489.15
2026-09-10,POS 3492 UBER,520.02,,61969.13
2026-09-10,BBPS/ELECTRICITY/BESCOM,1738.26,,60230.87
2026-09-11,UPI/194325/ZOMATO/okicici,488.55,,59742.32
2026-09-11,PHONEPE*SWIGGYBLR,640.08,,59102.24
2026-09-11,PHONEPE*RAPIDOBLR,590.43,,58511.81
2026-09-12,UPI/724722/GYM,1499.00,,57012.81
2026-09-12,SWIGGY,482.73,,56530.08
2026-09-12,PHONEPE*INTERNET,899.00,,55631.08
2026-09-13,UPI-BIGBASKET-463965,1525.77,,54105.31
2026-09-13,UPI/713144/FLIPKART/ybl,5598.81,,48506.50
2026-09-13,MOBILERECHARGE*ORDER982385,299.00,,48207.50
2026-09-13,GROWW SIP,8500.00,,39707.50
2026-09-14,UPI/972067/YOUTUBE PREMIUM,149.00,,39558.50
2026-09-14,IMPS/P2A/304378/Vikas Jain,823.15,,38735.35
2026-09-15,BHIM*DOMINOSBLR,657.84,,38077.51
2026-09-15,POS 1346 ZEPTO,664.23,,37413.28
2026-09-16,UPI/452663/MCDONALDS/oksbi,450.14,,36963.14
2026-09-22,DOMINOS,457.34,,36505.80
2026-09-23,BHIM*MCDONALDS,841.98,,35663.82
2026-09-26,RAPIDO,479.05,,35184.77
2026-09-26,UBER,676.59,,34508.18
2026-09-27,UPI-ZOMATO-853910,323.66,,34184.52
2026-09-27,POS 6319 OLA,892.31,,33292.21
2026-09-29,DMART*ORDER821082,1332.93,,31959.28
2026-09-29,UPI/791855/CROMA/paytm,4860.41,,27098.87
2026-09-30,NEFT-HDFC0001234-SALARY-SEP,,70000.00,97098.87
2026-09-30,IMPS/P2A/980608/Amit Verma,803.95,,96294.92
